Date [s],Average:Local Z-Velocity (Study 01 - Eulerian Statistics <01>) [m/s],Average:Local Z-Velocity (Study 01 - Eulerian Statistics <02>) [m/s],Average:Local Z-Velocity (Study 01 - Eulerian Statistics <03>) [m/s],Average:Local Z-Velocity (Study 01 - Eulerian Statistics <04>) [m/s],Average:Local Z-Velocity (Study 01 - Eulerian Statistics <05>) [m/s]
0,-1.65059e-08,-2.23675e-08,-7.13467e-08,-3.73264e-07,1.37128e-07
0.02,1.7805e-06,2.58733e-06,5.06864e-06,2.89554e-06,-1.99179e-06
0.04,7.7308e-08,4.79199e-06,7.08594e-06,5.11549e-06,1.66945e-06
0.06,1.19854e-06,3.39383e-06,4.74147e-06,3.57827e-06,1.23418e-06
0.08,3.1948e-07,1.49521e-06,2.95002e-06,2.21791e-06,6.53201e-07
0.1,4.34279e-07,1.49021e-06,7.35795e-07,9.92901e-07,1.00571e-07
0.12,4.50732e-07,1.33772e-06,9.36031e-07,2.97694e-07,1.95809e-08
0.14,2.02278e-07,6.42372e-07,-5.89401e-07,-4.46113e-07,-3.71485e-07
0.16,-1.16572e-08,-3.16701e-07,-7.5192e-07,-1.46769e-06,-3.65221e-07
0.18,1.59874e-07,-1.83039e-07,-1.07397e-06,-6.9392e-07,-5.04624e-07
0.2,2.40262e-08,1.7912e-07,-7.30528e-07,-5.92402e-08,-3.12411e-07
0.22,1.82871e-07,3.5919e-07,-3.03876e-07,1.07305e-07,-7.40632e-08
0.24,1.06256e-07,2.73119e-07,9.9025e-08,4.20441e-08,1.8823e-08
0.26,-7.26066e-08,9.54808e-08,9.21627e-08,2.27561e-07,6.16062e-09
0.28,-2.28651e-08,1.68333e-07,3.12974e-08,1.99656e-07,7.67954e-08
0.3,1.65615e-07,6.71821e-08,1.995e-08,3.43783e-07,1.5075e-07
0.32,3.62381e-07,1.66322e-07,-1.9992e-07,6.04e-07,2.70109e-07
0.34,3.04948e-07,1.57202e-07,3.6847e-08,9.27612e-08,-3.03844e-08
0.36,3.51161e-07,1.20985e-07,1.60653e-07,2.50517e-07,1.54398e-07
0.38,3.10466e-07,1.24712e-07,1.8568e-07,2.56588e-07,2.36089e-07
0.4,1.5103e-07,1.49218e-07,2.44559e-07,2.73093e-07,2.47275e-07
0.42,4.77642e-08,1.83607e-07,2.97682e-07,2.52605e-07,2.27268e-07
0.44,5.76226e-08,2.67493e-07,2.84687e-07,4.75166e-07,1.65194e-07
0.46,6.40771e-09,5.25322e-08,4.49583e-07,5.31892e-07,3.13089e-07
0.48,4.77636e-07,2.42685e-07,3.15915e-07,9.45624e-07,1.06798e-06
0.5,6.55341e-07,8.39655e-07,6.12875e-07,5.26888e-07,3.02173e-07
0.52,7.62498e-07,7.28598e-07,1.00622e-06,7.08828e-07,4.76533e-07
0.54,3.2644e-07,7.33808e-07,9.28241e-07,9.04586e-07,6.57483e-07
0.56,1.88306e-07,3.81903e-07,1.69452e-06,2.77972e-07,7.84208e-07
0.58,5.52103e-07,1.37961e-06,1.92233e-06,1.61416e-06,8.91541e-07
0.6,4.75037e-07,1.27901e-06,1.59918e-06,1.05415e-06,7.74226e-07
0.62,1.0382e-06,1.34458e-06,6.85821e-07,2.61245e-07,-6.03187e-08
0.64,1.12114e-06,1.1411e-06,1.46003e-06,1.6841e-06,1.2849e-06
0.66,1.88311e-06,3.01816e-06,9.21209e-07,8.2677e-07,1.04685e-06
0.68,1.55406e-06,2.13501e-06,1.75269e-06,2.13579e-06,1.24167e-06
0.7,8.05812e-07,4.89889e-06,3.51169e-06,2.2025e-06,1.68871e-06
0.72,2.56609e-06,2.94477e-06,2.32656e-06,2.83941e-06,2.46657e-06
0.74,1.05407e-06,2.90597e-06,3.4464e-06,3.51632e-06,2.96844e-06
0.76,2.68288e-06,4.50179e-06,4.34729e-06,4.39991e-06,3.13195e-06
0.78,3.46734e-06,-5.03077e-06,4.51972e-06,3.36675e-06,3.27144e-06
0.8,2.70446e-06,3.02008e-06,4.15993e-06,4.50416e-06,3.44298e-06
0.82,5.31742e-06,6.30638e-06,5.97353e-06,6.02409e-06,1.26952e-05
0.84,5.7665e-06,4.05418e-06,7.85926e-06,1.0905e-05,4.86872e-05
0.86,4.80166e-05,6.06337e-06,1.67742e-06,3.3562e-06,5.933e-05
0.88,0.000222423,7.36234e-06,5.08007e-06,4.08509e-06,9.18823e-05
0.9,0.000331561,1.11585e-05,9.52699e-06,9.85418e-06,0.000178319
0.92,0.00015725,9.43602e-06,1.35839e-05,8.65964e-06,0.000469822
0.94,0.000400101,6.62423e-05,9.62529e-05,2.96099e-05,0.00034189
0.96,0.000186343,0.000198424,0.000189879,8.23e-05,0.000174173
0.98,0.000290273,0.000263492,0.000196365,0.000176415,0.000256244
1,0.000965486,0.000313679,0.000346094,0.000364457,0.000445638
1.02,0.00261148,0.00156043,0.0014755,0.0017802,0.00206924
1.04,0.0064394,0.00579413,0.00523034,0.00581031,0.00585432
1.06,0.0126946,0.0127399,0.0124628,0.0128481,0.0129389
1.08,0.021886,0.022265,0.0218101,0.0221391,0.0221215
1.1,0.0344432,0.0343411,0.0326956,0.0326483,0.0342255
1.12,0.0461355,0.0467387,0.0446229,0.0443472,0.0468798
1.14,0.0618883,0.058982,0.056892,0.0589438,0.061654
1.16,0.0764935,0.0725597,0.0711365,0.0735946,0.0758255
1.18,0.0925454,0.0893925,0.0869735,0.0898129,0.0920122
1.2,0.112231,0.108435,0.104084,0.108551,0.109498
1.22,0.125588,0.124216,0.12064,0.124819,0.123448
1.24,0.13135,0.130398,0.125953,0.13131,0.132071
1.26,0.127141,0.1209,0.114505,0.120515,0.126395
1.28,0.0964498,0.0886153,0.0857337,0.0877253,0.0973728
1.3,0.0447352,0.0269177,0.0243827,0.0349177,0.0466395
1.32,-0.030673,-0.0725765,-0.0842195,-0.0743666,-0.0368053
1.34,-0.0889598,-0.161571,-0.171333,-0.167524,-0.09045
1.36,-0.101216,-0.175246,-0.19499,-0.171566,-0.110611
1.38,-0.0884851,-0.153815,-0.131506,-0.145045,-0.103122
1.4,-0.0746566,-0.0843042,-0.0649456,-0.0996913,-0.0660675
1.42,-0.0303483,-0.0512669,0.000124874,-0.0216207,-0.037398
1.44,0.0113976,0.0323459,0.0775276,0.0250507,0.00645331
1.46,0.0360236,0.0893126,0.147975,0.079879,0.01131
1.48,0.041599,0.134548,0.191027,0.124295,0.0317777
1.5,0.0423726,0.158227,0.2303,0.149454,0.0374488
1.52,0.0407585,0.161455,0.251446,0.160148,0.0375782
1.54,0.0363618,0.158942,0.25647,0.149841,0.0336363
1.56,0.0225655,0.131731,0.242219,0.125314,0.0192172
1.58,0.00195382,0.0806309,0.150958,0.0837498,-0.00210742
1.6,-0.0219744,-0.0106223,-0.0443723,-0.024599,-0.0368272
1.62,-0.0592107,-0.113156,-0.198907,-0.136823,-0.0914336
1.64,-0.0994834,-0.13407,-0.276135,-0.143693,-0.114783
1.66,-0.109904,-0.0854236,0.0969144,-0.0574199,-0.123177
1.68,-0.111135,-0.0150114,0.30106,0.0334979,-0.104197
1.7,-0.092222,0.0679553,0.483531,0.139144,-0.0791617
1.72,-0.104691,0.120592,0.623054,0.19634,-0.110319
1.74,-0.156612,0.0801981,0.521976,0.122029,-0.181091
1.76,-0.253913,-0.0564912,0.240226,-0.0416902,-0.276579
1.78,-0.361452,-0.19944,0.11351,-0.190963,-0.370555
1.8,-0.426423,-0.310715,0.0639318,-0.293259,-0.442275
1.82,-0.409837,-0.314032,0.110331,-0.267103,-0.417562
1.84,-0.301158,-0.074909,0.418779,-0.0355129,-0.305947
1.86,-0.183291,0.0722413,0.547816,0.101898,-0.165396
1.88,-0.0785621,0.150642,0.537379,0.183228,-0.0550733
1.9,0.000370466,0.207264,0.590428,0.252877,0.0221115
1.92,0.0548472,0.257835,0.615926,0.309003,0.0635402
1.94,0.101949,0.294059,0.606874,0.349593,0.108187
1.96,0.163932,0.348038,0.601579,0.381585,0.152928
1.98,0.210103,0.360502,0.514779,0.38696,0.17887
2,0.188245,0.296117,0.327707,0.299159,0.143766
2.02,0.0960567,0.14487,0.154374,0.155191,0.0537818
2.04,-0.0439534,-0.0145106,-0.0251084,-0.00517352,-0.0692323
2.06,-0.183344,-0.159575,-0.168642,-0.140315,-0.205401
2.08,-0.311637,-0.278776,-0.302694,-0.26225,-0.322468
2.1,-0.431721,-0.407959,-0.404898,-0.365454,-0.435596
2.12,-0.546806,-0.50567,-0.496792,-0.458332,-0.544661
2.14,-0.644144,-0.596686,-0.564035,-0.541457,-0.628088
2.16,-0.717196,-0.628866,-0.639952,-0.431289,-0.584089
2.18,-0.661656,-0.509044,-0.59018,-0.291878,-0.525768
2.2,-0.64541,-0.463426,-0.397358,-0.251143,-0.487276
2.22,-0.602788,-0.467895,-0.301197,-0.288127,-0.527705
2.24,-0.632779,-0.455667,-0.254659,-0.278256,-0.562511
2.26,-0.56696,-0.265176,-0.0878685,-0.150392,-0.557616
2.28,-0.390604,0.0721004,0.307963,0.0830895,-0.465414
2.3,-0.257738,0.239813,0.50527,0.253822,-0.330688
2.32,-0.153088,0.30665,0.616725,0.357487,-0.200889
2.34,-0.0786579,0.351778,0.71382,0.410332,-0.115921
2.36,-0.0386594,0.403822,0.76607,0.470774,-0.0527214
2.38,-0.0130231,0.407757,0.770948,0.480687,-0.0661514
2.4,-0.0471911,0.371764,0.646939,0.38646,-0.102442
2.42,-0.126775,0.25779,0.427881,0.225521,-0.165713
2.44,-0.225779,0.111724,0.229952,0.0694848,-0.303492
2.46,-0.382328,-0.0462169,0.104181,-0.0961676,-0.489766
2.48,-0.563492,-0.19927,0.0143787,-0.230216,-0.664225
2.5,-0.688291,-0.316014,-0.046864,-0.303423,-0.657783
2.52,-0.582532,-0.304797,0.053744,-0.235324,-0.515711
2.54,-0.343956,-0.0284591,0.340488,-0.0266605,-0.307447
2.56,-0.228735,0.14697,0.500481,0.169517,-0.205228
2.58,-0.0644824,0.255029,0.576449,0.319412,-0.129032
2.6,0.0677308,0.353814,0.637603,0.453913,0.0220906
2.62,0.0223768,0.446015,0.710198,0.542034,0.0209255
2.64,-0.0293268,0.417113,0.692674,0.549145,0.00444032
2.66,-0.041717,0.387935,0.56118,0.494178,0.00974151
2.68,-0.0953818,0.279821,0.346055,0.290599,-0.0419029
2.7,-0.187106,0.135889,0.173559,0.13296,-0.139431
2.72,-0.296895,-0.0238829,0.0181855,-0.0164796,-0.259554
2.74,-0.426897,-0.166411,-0.110358,-0.117801,-0.383647
2.76,-0.54927,-0.30618,-0.196045,-0.212655,-0.492588
2.78,-0.607869,-0.431117,-0.275331,-0.327065,-0.554863
2.8,-0.603501,-0.517367,-0.299912,-0.336683,-0.486706
2.82,-0.513453,-0.425696,-0.181603,-0.172342,-0.410827
2.84,-0.435185,-0.14293,0.575966,0.0995848,-0.296795
2.86,-0.386858,-0.0183019,0.840001,0.334865,-0.170155
2.88,-0.319219,0.0203857,0.878982,0.49536,-0.0921385
2.9,-0.23311,0.0649001,0.815361,0.544476,-0.108375
2.92,-0.153974,0.100874,0.746262,0.544503,-0.107096
2.94,-0.0945303,0.158157,0.71333,0.473271,-0.130284
2.96,-0.0973623,0.190293,0.666048,0.381304,-0.129221
2.98,-0.121967,0.168804,0.556408,0.272294,-0.135532
3,-0.196014,0.0818101,0.440905,0.156982,-0.164147
3.02,-0.325857,-0.0226396,0.362995,0.0941299,-0.222568
3.04,-0.432707,-0.109967,0.33605,0.0591138,-0.278404
3.06,-0.525175,-0.144386,0.396734,0.0692084,-0.296755
3.08,-0.502042,-0.118974,0.420136,0.100383,-0.300243
3.1,-0.452252,-0.0429831,0.357686,0.109675,-0.302692
3.12,-0.368377,0.0585404,0.355207,0.143427,-0.233391
3.14,-0.229923,0.178925,0.448359,0.22657,-0.182774
3.16,-0.137828,0.269269,0.559557,0.297014,-0.151219
3.18,-0.0317749,0.304497,0.570491,0.269382,-0.136824
3.2,0.00850002,0.283303,0.412961,0.162773,-0.173449
3.22,0.00758474,0.279823,0.351113,0.0924926,-0.216078
3.24,-0.00799467,0.329514,0.54928,0.162683,-0.200543
3.26,-0.0409084,0.361929,0.682724,0.245859,-0.179512
3.28,-0.0930723,0.297775,0.537234,0.223961,-0.16774
3.3,-0.188114,0.140197,0.237971,0.122287,-0.19911
3.32,-0.301455,-0.01004,0.0640228,0.0236873,-0.257122
3.34,-0.429405,-0.134647,6.86907e-05,-0.0369927,-0.331052
3.36,-0.538485,-0.246424,0.0592039,-0.0807657,-0.408527
3.38,-0.533099,-0.251941,0.223656,-0.0849468,-0.478587
3.4,-0.329884,0.063746,0.42239,-0.0526676,-0.509548
3.42,-0.172996,0.253153,0.61728,-0.0262442,-0.486627
3.44,-0.169746,0.195676,0.549011,-0.0192959,-0.475008
3.46,-0.19763,0.111458,0.425973,-0.0610959,-0.449851
3.48,-0.155451,0.113952,0.697829,0.0563591,-0.404466
3.5,-0.115384,0.150654,0.801895,0.357752,-0.345007
3.52,-0.0733329,0.189587,0.771665,0.461169,-0.259993
3.54,-0.0443573,0.19925,0.689789,0.338169,-0.198798
3.56,-0.0388459,0.163403,0.552434,0.267375,-0.181277
3.58,-0.0653843,0.0675436,0.357441,0.226823,-0.197876
3.6,-0.112737,-0.0223365,0.228677,0.19885,-0.247863
3.62,-0.16446,-0.0866459,0.233565,0.175136,-0.317339
3.64,-0.211323,-0.117223,0.239805,0.164415,-0.393385
3.66,-0.255992,-0.142418,0.258529,0.164299,-0.461846
3.68,-0.294755,-0.15613,0.224117,0.175055,-0.509642
3.7,-0.310219,-0.148899,0.200769,0.219752,-0.537145
3.72,-0.289375,-0.0838629,0.211642,0.253395,-0.525923
3.74,-0.231003,-0.00219223,0.295915,0.425201,-0.416646
3.76,-0.16041,0.0472003,0.40508,0.597586,-0.267418
3.78,-0.139521,0.077739,0.43797,0.63007,-0.0671294
3.8,-0.113422,0.0868327,0.358924,0.487086,-0.0522042
3.82,-0.0807767,0.104739,0.354741,0.390838,-0.052301
3.84,-0.0538037,0.122119,0.471492,0.437072,-0.0735381
3.86,-0.0650636,0.0991398,0.459048,0.459728,-0.101181
3.88,-0.108678,0.0173438,0.256657,0.310569,-0.164077
3.9,-0.178187,-0.0974184,0.0828102,0.155195,-0.262819
3.92,-0.251489,-0.21356,-0.0139843,0.0565097,-0.362628
3.94,-0.316996,-0.298854,0.0122626,-0.0100874,-0.42608
3.96,-0.360573,-0.222179,0.129033,-0.0394033,-0.480455
3.98,-0.335817,-0.087302,0.322433,0.0810052,-0.481521
4,-0.303876,0.0288151,0.516746,0.243563,-0.376411
4.02,-0.264111,0.0624865,0.65009,0.345688,-0.259265
4.04,-0.156591,0.10489,0.67131,0.220739,-0.261962
4.06,-0.0930609,0.0982562,0.440355,0.166242,-0.213219
4.08,-0.0983038,0.0332328,0.26883,0.113345,-0.194353
4.1,-0.129455,-0.0211921,0.282866,0.106262,-0.196875
4.12,-0.156983,-0.0416253,0.357355,0.114427,-0.197719
4.14,-0.173388,-0.0306433,0.384819,0.106512,-0.195929
4.16,-0.168172,0.0174095,0.4411,0.186933,-0.195959
4.18,-0.134162,0.065451,0.542597,0.341969,-0.166553
4.2,-0.0807208,0.105173,0.615017,0.401866,-0.124458
4.22,-0.00612926,0.145567,0.548925,0.339371,-0.105762
4.24,0.0337036,0.179908,0.51072,0.289954,-0.0985165
4.26,0.0512509,0.183998,0.406272,0.149921,-0.120776
4.28,0.0274964,0.163649,0.218819,-0.0110896,-0.181107
4.3,-0.0225155,0.0991218,0.0641352,-0.115377,-0.251176
4.32,-0.0772189,0.0455648,0.0721747,-0.128748,-0.313542
4.34,-0.0971768,0.172199,0.154337,-0.0153845,-0.351501
4.36,-0.00762604,0.371724,0.285276,0.160893,-0.333561
4.38,0.0239194,0.403087,0.464583,0.326304,-0.242303
4.4,0.0342563,0.449767,0.617232,0.388611,-0.156768
4.42,0.0303826,0.491511,0.660354,0.344818,-0.135954
4.44,-0.0190019,0.356238,0.283064,0.231382,-0.143003
4.46,-0.0899702,0.163608,0.0854734,0.0872417,-0.186215
4.48,-0.206935,-0.00169484,0.00100056,0.00447339,-0.252135
4.5,-0.297342,-0.04506,0.20171,-0.0275036,-0.331311
4.52,-0.29614,0.293085,0.35996,-0.0635428,-0.413676
4.54,-0.274854,0.406163,0.453097,-0.0988139,-0.494366
4.56,-0.266646,0.427248,0.578042,-0.0935443,-0.54597
4.58,-0.224924,0.515488,0.777101,0.00908943,-0.513934
4.6,-0.174614,0.597406,0.88932,0.142335,-0.434236
4.62,-0.117329,0.53001,0.733506,0.174133,-0.330418
4.64,-0.12209,0.352561,0.517241,0.14766,-0.308261
4.66,-0.123724,0.392269,0.607436,0.152006,-0.313639
4.68,-0.140452,0.514871,0.699716,0.144494,-0.343951
4.7,-0.0918484,0.539966,0.671036,0.109854,-0.395298
4.72,-0.0466477,0.509417,0.672813,0.0789167,-0.431042
4.74,-0.00157835,0.529025,0.715358,0.0900915,-0.46966
4.76,-0.00127979,0.520897,0.660641,0.105313,-0.482763
4.78,-0.0232819,0.45763,0.576827,0.0861033,-0.486972
4.8,-0.0797217,0.410225,0.497086,0.0715501,-0.456768
4.82,-0.157118,0.315333,0.421613,0.054303,-0.421771
4.84,-0.217966,0.253381,0.437248,0.0364127,-0.400868
4.86,-0.256393,0.266508,0.451456,0.0389941,-0.315952
4.88,-0.168256,0.330125,0.519549,0.0979463,-0.21903
4.9,-0.0504609,0.360036,0.549814,0.224286,-0.145548
4.92,-0.0223951,0.387686,0.5594,0.354375,-0.0786503
4.94,-0.0510198,0.352129,0.556298,0.43857,0.00334986
4.96,-0.0515826,0.327701,0.512087,0.480024,0.0416481
4.98,-0.0731849,0.259004,0.360507,0.394461,0.0391544
5,-0.116686,0.15762,0.138927,0.229503,-0.0244108
5.02,-0.161092,0.0762249,0.000150982,0.127732,-0.134672
5.04,-0.222335,0.0214058,-0.0682121,0.0463194,-0.254416
5.06,-0.289974,-0.0198296,-0.0826051,-0.0337817,-0.371863
5.08,-0.354964,-0.0748061,-0.0510046,-0.074935,-0.475332
5.1,-0.412754,-0.142666,0.0149442,0.0096611,-0.497811
5.12,-0.464071,-0.256296,0.0865273,0.208404,-0.313683
5.14,-0.490828,-0.10461,0.239082,0.333374,-0.14301
5.16,-0.479723,0.123674,0.4664,0.377291,-0.0502622
5.18,-0.451817,0.218089,0.699843,0.347673,-0.0420059
5.2,-0.445643,0.143814,0.485033,0.293842,-0.0576733
5.22,-0.451748,-0.000323461,0.327996,0.197453,-0.0922656
5.24,-0.473666,-0.125101,0.389184,0.170781,-0.152002
5.26,-0.50384,-0.241066,0.501668,0.184451,-0.216917
5.28,-0.452778,-0.0809652,0.685415,0.174416,-0.245684
5.3,-0.347433,-0.0124866,0.589662,0.165266,-0.238956
5.32,-0.227968,0.00626771,0.497053,0.108141,-0.231487
5.34,-0.153541,0.0633483,0.642109,0.217893,-0.189358
5.36,-0.0828708,0.12338,0.756172,0.29215,-0.0900403
5.38,-0.039341,0.162023,0.712248,0.269673,-0.0158021
5.4,0.00664229,0.211299,0.718001,0.300832,0.0460061
5.42,0.0278872,0.253217,0.67904,0.315856,0.0871441
5.44,0.0412491,0.278471,0.674703,0.320485,0.106421
5.46,0.0694868,0.299974,0.558778,0.318179,0.0899811
5.48,0.0917869,0.300296,0.389663,0.289742,0.0702466
5.5,0.101351,0.28078,0.302819,0.244174,0.0291974
5.52,0.0715543,0.258412,0.227537,0.131877,-0.0427587
5.54,0.00021334,0.162957,0.0789009,-0.0212084,-0.138271
5.56,-0.0948593,0.0253052,-0.0865357,-0.165811,-0.237696
5.58,-0.195441,-0.095256,-0.199327,-0.277166,-0.347003
5.6,-0.271828,-0.196666,-0.303854,-0.371289,-0.430903
5.62,-0.358775,-0.295041,-0.340586,-0.451093,-0.521506
5.64,-0.400562,-0.256971,-0.184733,-0.312525,-0.576875
5.66,-0.234098,-0.0317202,0.106432,-0.118491,-0.502326
5.68,-0.234569,0.0681501,0.192676,-0.0945703,-0.435871
5.7,-0.275164,0.0614788,0.204226,-0.15846,-0.441805
5.72,-0.328999,0.0379481,0.225715,-0.222037,-0.441657
5.74,-0.370992,0.0946804,0.487605,-0.0631006,-0.382125
5.76,-0.374277,0.162347,0.67161,0.0223738,-0.348508
5.78,-0.36581,0.157486,0.535605,-0.0177936,-0.35302
5.8,-0.287019,0.227232,0.626902,-0.00116363,-0.309693
5.82,-0.128283,0.450154,0.775293,0.0494851,-0.273223
5.84,0.0307942,0.556554,0.691241,0.0780309,-0.170284
5.86,0.125056,0.597874,0.62265,0.119929,-0.0913818
5.88,0.157188,0.572074,0.606911,0.174848,-0.00765061
5.9,0.141432,0.476454,0.569981,0.196262,0.0480872
5.92,0.0769176,0.28319,0.398586,0.150542,0.05824
5.94,-0.0123796,0.133219,0.184137,0.0498698,0.0302228
5.96,-0.11257,0.0123995,0.0454059,-0.0526014,-0.0335412
5.98,-0.214462,-0.080197,-0.0273269,-0.130854,-0.108748
6,-0.3179,-0.123093,0.0225221,-0.188763,-0.182052
6.02,-0.399291,-0.143579,0.11946,-0.215486,-0.245658
6.04,-0.296857,-0.108292,0.193553,-0.228963,-0.289463
6.06,-0.204102,-0.0235197,0.281953,-0.183758,-0.302762
6.08,-0.142818,0.0869566,0.431573,-0.102173,-0.284969
6.1,-0.140918,0.129918,0.556721,0.047595,-0.259472
6.12,-0.157982,0.140217,0.644954,0.144107,-0.221137
6.14,-0.193817,0.0675777,0.493326,0.139287,-0.224909
6.16,-0.259805,-0.0584571,0.231652,0.0463562,-0.278682
6.18,-0.315906,-0.160597,0.146239,-0.0360718,-0.38131
6.2,-0.357535,-0.12976,0.418707,-0.0554405,-0.4239
6.22,-0.319992,-0.0190819,0.749729,0.0172983,-0.394427
6.24,-0.226533,0.0728808,0.779959,0.13348,-0.320921
6.26,-0.132931,0.183009,0.718578,0.247867,-0.230411
6.28,-0.0940729,0.240621,0.685847,0.305498,-0.139339
6.3,-0.0978165,0.219131,0.525469,0.283059,-0.091012
6.32,-0.141032,0.149361,0.3953,0.244704,-0.139978
6.34,-0.160644,0.175432,0.467703,0.238125,-0.178296
6.36,-0.133032,0.342087,0.654027,0.305189,-0.213251
6.38,-0.0695729,0.368974,0.676168,0.346236,-0.23847
6.4,-0.064333,0.373986,0.59004,0.27141,-0.28265
6.42,-0.0510694,0.355405,0.318653,0.120309,-0.361585
6.44,-0.109503,0.320055,0.200799,-0.0230711,-0.493194
6.46,-0.179881,0.275805,0.199357,-0.117308,-0.608564
6.48,-0.246926,0.155016,0.285203,-0.0933008,-0.526628
6.5,-0.282342,0.00570898,0.331438,0.092038,-0.29448
6.52,-0.274915,0.215269,0.501567,0.149329,-0.148805
6.54,-0.242259,0.490445,0.735579,0.227972,-0.0935223
6.56,-0.164974,0.639378,0.839144,0.297084,-0.0597449
6.58,-0.0972062,0.610401,0.797968,0.328753,-0.0864632
6.6,-0.0753652,0.537568,0.700017,0.315206,-0.107574
6.62,-0.0690899,0.529658,0.648571,0.28159,-0.130132
6.64,-0.108038,0.487408,0.581909,0.232262,-0.159574
6.66,-0.186449,0.38014,0.38523,0.13614,-0.231454
6.68,-0.291591,0.252883,0.196608,0.0260316,-0.327841
6.7,-0.413258,0.144035,0.10021,-0.0826978,-0.422595
6.72,-0.540424,0.0726235,0.0656056,-0.178117,-0.492485
6.74,-0.636952,0.0272618,0.0901135,-0.236847,-0.487782
6.76,-0.663924,-0.036457,0.237806,-0.109807,-0.454264
6.78,-0.595013,0.258313,0.460279,0.0410322,-0.370512
6.8,-0.499346,0.500772,0.646052,0.161929,-0.293393
6.82,-0.374047,0.733952,0.768223,0.238675,-0.221347
6.84,-0.328962,0.534607,0.791164,0.327807,-0.12454
6.86,-0.277475,0.439303,0.768523,0.365632,-0.0561316
6.88,-0.244689,0.365931,0.686029,0.303801,-0.0737597
6.9,-0.239871,0.231945,0.418208,0.173041,-0.143823
6.92,-0.261526,0.109844,0.246403,0.0375827,-0.253132
6.94,-0.297674,0.0430888,0.185978,-0.0558925,-0.366374
6.96,-0.33123,0.00530896,0.268497,-0.0593551,-0.453589
6.98,-0.331699,0.0133421,0.35276,-0.0399005,-0.493709
7,-0.315459,0.101655,0.396453,0.037968,-0.486963
7.02,-0.282911,0.238762,0.443405,0.104194,-0.405289
7.04,-0.237838,0.346157,0.504262,0.159792,-0.273642
7.06,-0.190675,0.340993,0.527721,0.177982,-0.199306
7.08,-0.151814,0.235281,0.450748,0.17701,-0.15068
7.1,-0.12184,0.270888,0.541795,0.212197,-0.121475
7.12,-0.0696836,0.468621,0.671811,0.274733,-0.0718364
7.14,0.00305645,0.530286,0.712871,0.311505,-0.0466012
7.16,0.0508913,0.510153,0.659579,0.278925,-0.0512171
7.18,0.074179,0.422795,0.439805,0.174097,-0.103816
7.2,0.0337758,0.345958,0.230783,0.0546631,-0.181302
7.22,-0.0365643,0.317799,0.22595,-0.00343864,-0.256238
7.24,-0.10885,0.335767,0.354369,-0.0349672,-0.330424
7.26,-0.20043,0.232882,0.414745,-0.0215839,-0.395138
7.28,-0.311192,0.124146,0.317326,-0.00386082,-0.455965
7.3,-0.403639,0.099386,0.295858,0.00902867,-0.463983
7.32,-0.369895,0.377648,0.428005,0.113956,-0.428988
7.34,-0.236071,0.554762,0.598179,0.233911,-0.356819
7.36,-0.134781,0.651753,0.671154,0.270522,-0.317472
7.38,-0.130778,0.564443,0.627806,0.273006,-0.307186
7.4,-0.161482,0.365882,0.504042,0.237309,-0.317968
7.42,-0.186411,0.380929,0.555841,0.147548,-0.369078
7.44,-0.211049,0.448201,0.535729,-0.00161783,-0.443719
7.46,-0.268235,0.351772,0.25992,-0.139762,-0.518661
7.48,-0.347538,0.2396,0.250384,-0.222358,-0.578316
7.5,-0.435576,0.173752,0.301941,-0.237337,-0.584803
7.52,-0.480603,0.168245,0.386885,-0.198611,-0.579285
7.54,-0.522452,0.2464,0.436107,-0.11428,-0.543617
7.56,-0.46026,0.421465,0.537762,-0.0502844,-0.467483
7.58,-0.309519,0.466072,0.703692,0.0469569,-0.366747
7.6,-0.148058,0.525735,0.82124,0.200283,-0.217902
7.62,-0.0240953,0.572393,0.817642,0.263967,-0.0951773
7.64,0.0427195,0.510964,0.699066,0.232049,-0.0331971
7.66,0.0274756,0.412176,0.540789,0.14977,-0.00596245
7.68,-0.0118319,0.30103,0.45586,0.0757959,-0.0219595
7.7,-0.0483276,0.239196,0.415614,0.0330106,-0.0492132
7.72,-0.0767862,0.215867,0.407718,0.02281,-0.0691505
7.74,-0.08618,0.203647,0.408964,0.0376508,-0.0828181
7.76,-0.0938507,0.197001,0.36845,0.0497363,-0.0867974
7.78,-0.112149,0.169903,0.279406,0.0355516,-0.117861
7.8,-0.16456,0.127141,0.167331,0.0017771,-0.151733
7.82,-0.241582,0.0694975,0.0863318,-0.0380417,-0.234091
7.84,-0.336063,-0.0262306,0.0286658,-0.0710292,-0.301489
7.86,-0.378748,-0.0477265,0.0642282,-0.073234,-0.363916
7.88,-0.325231,0.358171,0.14338,0.0267606,-0.330988
7.9,-0.272478,0.57925,0.27104,0.208529,-0.193287
7.92,-0.23647,0.637352,0.333849,0.223028,-0.115275
7.94,-0.27471,0.474034,0.337202,0.210125,-0.0754865
7.96,-0.348168,0.231686,0.268999,0.171173,-0.0598806
7.98,-0.429437,0.0690241,0.146712,0.107576,-0.0627911
8,-0.484265,-0.0224937,0.0282849,0.0320862,-0.079422
8.02,-0.50775,-0.0543251,0.14264,-0.0145415,-0.107859
8.04,-0.494515,-0.0250828,0.276219,-0.0197696,-0.134989
8.06,-0.485197,0.0496048,0.353558,-0.0201691,-0.165589
8.08,-0.460938,0.155963,0.369152,-0.0423111,-0.199635
8.1,-0.443621,0.126283,0.380913,-0.0532321,-0.223334
8.12,-0.421637,0.160661,0.424765,-0.0377864,-0.224207
8.14,-0.385782,0.287949,0.463401,-0.0144922,-0.207546
8.16,-0.329218,0.34062,0.454333,-0.00749086,-0.194499
8.18,-0.306967,0.235233,0.389053,-0.0230944,-0.191957
8.2,-0.279437,0.159115,0.298463,-0.0605193,-0.191322
8.22,-0.2854,0.119941,0.245722,-0.0798983,-0.184862
8.24,-0.292716,0.172587,0.251905,-0.0752077,-0.180278
8.26,-0.276135,0.358332,0.245514,-0.0554065,-0.179945
8.28,-0.230521,0.564817,0.225184,-0.042063,-0.162866
8.3,-0.144278,0.601573,0.218553,-0.00528554,-0.148704
8.32,-0.0646665,0.547849,0.256612,0.0556899,-0.118257
8.34,0.00817929,0.512182,0.30465,0.11597,-0.0810161
8.36,0.0893684,0.475264,0.301879,0.123971,-0.0601396
8.38,0.111011,0.409166,0.186565,0.0562638,-0.0791658
8.4,0.0764902,0.303635,0.0536993,-0.0642861,-0.135676
8.42,0.0104415,0.211432,-0.0240809,-0.161604,-0.206298
8.44,-0.0815665,0.128262,-0.000295662,-0.173482,-0.250385
8.46,-0.195214,0.0429723,0.0295241,-0.105362,-0.273456
8.48,-0.321278,-0.0315062,0.0236864,-0.0321979,-0.275792
8.5,-0.457196,-0.17941,0.0336113,-0.0173617,-0.271584
8.52,-0.557716,-0.202992,0.0672527,-0.0379146,-0.26038
8.54,-0.414931,0.297279,0.111281,-0.0594229,-0.269255
8.56,-0.234018,0.379698,0.129374,-0.111169,-0.29124
8.58,-0.242107,0.333523,0.075542,-0.172834,-0.363859
8.6,-0.246866,0.254282,-0.00227167,-0.228759,-0.395494
8.62,-0.252309,0.263863,0.15469,-0.232485,-0.419569
8.64,-0.280553,0.26896,0.541926,-0.101079,-0.411108
8.66,-0.310666,0.239004,0.671387,0.0034442,-0.345505
8.68,-0.301497,0.202094,0.703804,0.0885862,-0.288938
8.7,-0.31827,0.140813,0.685918,0.115951,-0.241422
8.72,-0.318319,0.0967616,0.576837,0.124467,-0.208558
8.74,-0.323735,0.0644352,0.609233,0.149847,-0.202133
8.76,-0.287943,0.0132297,0.620748,0.218302,-0.19266
8.78,-0.300293,-0.00451673,0.604889,0.333729,-0.144584
8.8,-0.296707,-0.0186991,0.595915,0.412911,-0.0742124
8.82,-0.266825,-0.00750644,0.561473,0.509315,0.0402166
8.84,-0.225762,-0.0118772,0.524836,0.538255,0.12112
8.86,-0.215501,-0.032077,0.45618,0.422367,0.0936609
8.88,-0.197301,-0.0779937,0.292869,0.257444,0.0100282
8.9,-0.184914,-0.137375,0.123389,0.086001,-0.107134
8.92,-0.211332,-0.212282,0.0294461,-0.0208873,-0.234469
8.94,-0.256656,-0.257983,0.00119648,-0.0558555,-0.351696
8.96,-0.283727,-0.248627,0.119892,-0.0214386,-0.326568
8.98,-0.252697,-0.124283,0.340196,0.0680279,-0.191685
9,-0.191102,0.100274,0.518645,0.135625,-0.132837
9.02,-0.100195,0.314518,0.606011,0.192709,-0.0671834
9.04,-0.0812186,0.403047,0.572467,0.2269,-0.033395
9.06,-0.0887881,0.289159,0.49111,0.212223,-0.0363913
9.08,-0.136563,0.15333,0.318887,0.117551,-0.0906148
9.1,-0.206909,0.0711747,0.145221,-0.011709,-0.18254
9.12,-0.294143,-0.00371024,0.0272231,-0.138906,-0.301872
9.14,-0.385215,-0.0658114,0.0137211,-0.24487,-0.402321
9.16,-0.473096,-0.0860044,0.0950559,-0.297372,-0.494951
9.18,-0.474052,-0.0801372,0.245827,-0.235899,-0.510009
9.2,-0.366109,-0.0162471,0.363542,-0.180897,-0.478484
9.22,-0.184366,0.12307,0.443091,-0.108853,-0.380857
9.24,0.00404332,0.27021,0.53993,-0.0173344,-0.326292
9.26,0.122106,0.433482,0.617685,0.0285197,-0.288884
9.28,0.198027,0.549522,0.645412,0.0173496,-0.288334
9.3,0.168381,0.581147,0.62038,0.00789684,-0.253808
9.32,0.158643,0.578638,0.583456,-0.0218232,-0.233509
9.34,0.119037,0.480799,0.504594,-0.0209861,-0.18356
9.36,0.0375108,0.299402,0.386037,-0.0267661,-0.138534
9.38,-0.0724188,0.162262,0.29942,-0.0637252,-0.134351
9.4,-0.183466,0.0677503,0.214452,-0.113095,-0.149196
9.42,-0.294177,0.023198,0.141377,-0.167308,-0.187836
9.44,-0.385641,-0.00566823,0.1209,-0.207925,-0.247061
9.46,-0.422676,0.0400129,0.149725,-0.225505,-0.304807
9.48,-0.242459,0.125624,0.2099,-0.203722,-0.344283
9.5,-0.16381,0.168715,0.29434,-0.144022,-0.357592
9.52,-0.151667,0.174164,0.461787,-0.0391288,-0.348836
9.54,-0.149549,0.16225,0.598547,0.100922,-0.282183
9.56,-0.149839,0.125409,0.559875,0.236647,-0.207284
9.58,-0.118346,0.102539,0.567116,0.293365,-0.132195
9.6,-0.0741804,0.111102,0.622732,0.378818,-0.0557076
9.62,-0.0266651,0.140311,0.641573,0.402776,-0.0438114
9.64,-0.023431,0.13876,0.528085,0.302483,-0.0913467
9.66,-0.0544532,0.109481,0.38483,0.165743,-0.170694
9.68,-0.120243,0.0544409,0.367716,0.120025,-0.241964
9.7,-0.197336,-0.00937802,0.418913,0.195813,-0.269187
9.72,-0.26321,-0.0803246,0.312896,0.187333,-0.251448
9.74,-0.342813,-0.171007,0.0763655,0.110771,-0.24972
9.76,-0.418254,-0.243238,0.00654217,0.0481433,-0.292936
9.78,-0.468674,-0.280116,0.117282,0.0527606,-0.317526
9.8,-0.434573,-0.217085,0.397815,0.136541,-0.271015
9.82,-0.321821,0.00486206,0.589415,0.280991,-0.169327
9.84,-0.173113,0.159176,0.662133,0.342299,-0.187804
9.86,-0.039509,0.229986,0.648229,0.239917,-0.215017
9.88,-0.00220796,0.214188,0.457499,0.154926,-0.225738
9.9,0.00902127,0.19402,0.427242,0.111565,-0.23312
9.92,0.00885767,0.228617,0.551578,0.123003,-0.245421
9.94,0.0249765,0.263729,0.52105,0.108297,-0.237178
9.96,0.0119469,0.20363,0.364709,0.0583303,-0.247297
9.98,-0.0326198,0.101157,0.224145,-0.0145308,-0.270719
10,-0.100164,0.0214384,0.128943,-0.0772932,-0.308938
