date [s],Average:Average of Translational X-Velocity (Study 01 - Eulerian Statistics <01>) [m/s],Average:Average of Translational X-Velocity (Study 01 - Eulerian Statistics <02>) [m/s],Average:Average of Translational X-Velocity (Study 01 - Eulerian Statistics <03>) [m/s],Average:Average of Translational X-Velocity (Study 01 - Eulerian Statistics <04>) [m/s],Average:Average of Translational X-Velocity (Study 01 - Eulerian Statistics <05>) [m/s]
0,-6.9631e-08,-5.68665e-08,-2.09753e-08,1.74088e-07,5.57837e-08
0.01,-1.99189e-05,-5.35103e-05,3.7348e-05,9.24208e-05,1.70182e-05
0.02,-9.90828e-06,-8.57991e-06,-2.84668e-06,5.21014e-06,7.44158e-06
0.03,4.83484e-06,5.99709e-06,2.78377e-06,-2.72134e-06,-1.27349e-06
0.04,-3.81904e-06,-3.42461e-06,-2.67541e-07,1.85828e-06,1.10786e-06
0.05,1.02165e-06,1.08123e-06,-1.51485e-07,-2.09286e-06,-1.92917e-06
0.06,1.23776e-06,2.54358e-06,3.33018e-07,-1.7199e-06,-1.2373e-06
0.07,-2.22791e-07,-1.78544e-06,-1.01741e-06,1.34235e-06,1.57735e-07
0.08,7.30888e-07,4.7872e-07,-3.46855e-07,-2.0749e-06,-1.41325e-06
0.09,-9.42654e-07,-9.54258e-07,-1.87521e-07,1.33067e-06,9.59224e-07
0.1,7.66258e-07,5.81848e-07,2.71578e-07,-5.34749e-07,-8.40801e-07
0.11,-4.50875e-07,-4.66665e-07,6.39132e-08,7.97814e-07,7.4055e-07
0.12,6.75479e-08,2.82437e-07,1.17876e-07,-1.79192e-07,-1.79945e-07
0.13,-5.41399e-09,-3.52595e-08,1.41084e-07,1.27864e-07,-1.06332e-07
0.14,1.28655e-07,3.69607e-07,1.24224e-07,-1.85622e-07,-1.90322e-07
0.15,-1.11369e-07,-2.37445e-07,2.08552e-07,1.9964e-07,1.25942e-07
0.16,4.64685e-08,3.39299e-08,4.7693e-08,-9.22219e-08,-6.70981e-08
0.17,9.1331e-08,2.56593e-07,1.73583e-08,-1.70232e-07,-7.16756e-08
0.18,7.26792e-08,3.80435e-07,4.00377e-08,-3.09318e-07,-1.13714e-07
0.19,7.21346e-08,4.98051e-07,-2.88668e-08,-1.80006e-07,-5.22321e-08
0.2,9.23156e-08,4.18126e-07,-1.27606e-08,-2.89349e-07,-2.23633e-08
0.21,1.6696e-07,4.42395e-07,-1.51804e-07,-1.48463e-07,-8.05213e-08
0.22,1.60531e-07,1.68238e-07,-1.87101e-07,4.52395e-08,-6.36753e-08
0.23,2.54968e-07,4.184e-07,7.97907e-08,-2.6766e-07,-2.15694e-07
0.24,5.60638e-07,1.13676e-06,1.89207e-07,-2.617e-07,-2.08538e-07
0.25,5.05657e-07,1.61468e-06,1.26304e-07,-7.18293e-07,-6.57745e-07
0.26,-3.83886e-07,1.92645e-06,3.28308e-07,-7.59066e-07,-4.27366e-07
0.27,6.26348e-07,2.24746e-06,7.25773e-07,-7.7731e-07,-6.21824e-07
0.28,1.02055e-06,2.51718e-06,1.06167e-06,-7.13501e-07,-8.1657e-07
0.29,6.24784e-07,3.06591e-06,1.36378e-06,-6.84728e-07,-7.07435e-07
0.3,5.68372e-07,2.98128e-06,1.37429e-06,-7.83662e-07,-1.16279e-06
0.31,8.10872e-07,2.79516e-06,1.13408e-06,-1.2894e-06,-1.25521e-06
0.32,1.5255e-06,3.00329e-06,6.3587e-07,-2.1533e-06,-1.71338e-06
0.33,1.71242e-06,3.61127e-06,9.15214e-07,-2.23669e-06,-1.56352e-06
0.34,2.63383e-06,4.58928e-06,1.89216e-06,-3.02329e-06,-1.79902e-06
0.35,3.00176e-06,4.93358e-06,1.60708e-06,-4.01085e-06,-1.85464e-06
0.36,4.74727e-06,8.07996e-06,4.00278e-06,-5.25414e-06,-3.7613e-06
0.37,7.08568e-06,9.83036e-06,4.51245e-06,-4.62628e-06,-2.4447e-06
0.38,9.43883e-06,1.44103e-05,3.49227e-06,-4.04593e-06,-1.45285e-06
0.39,1.67091e-05,1.84822e-05,5.35222e-06,-8.36278e-07,-6.02814e-06
0.4,2.22535e-05,3.2103e-05,1.89981e-05,2.70981e-05,-1.17196e-05
0.41,2.19105e-05,3.81755e-05,6.92247e-06,5.59689e-05,-2.59729e-05
0.42,5.23082e-05,0.000107519,2.12337e-05,2.73959e-05,-3.20538e-06
0.43,-1.16101e-05,6.61597e-05,8.78845e-05,0.00011754,-2.35057e-05
0.44,-2.49562e-05,0.000188771,0.000151776,3.42945e-05,-5.22162e-05
0.45,0.000137559,0.000322842,0.000180132,0.000115524,-0.000274772
0.46,0.00065614,0.000532519,0.000259276,4.01374e-05,-0.000468966
0.47,0.000904111,0.00084629,0.000456496,-0.000533957,-0.000915945
0.48,0.000564073,0.00139546,0.000190096,-0.000731661,-0.000895219
0.49,0.00100162,0.00161149,0.000157119,-0.000489084,-0.00121941
0.5,0.00120386,0.00165916,0.000418214,0.000457747,-0.000570108
0.51,0.00151239,0.00224615,0.00180457,0.000179746,-0.000747188
0.52,0.00292211,0.00275357,0.000349697,0.000370568,-0.000590221
0.53,0.00301557,0.00324892,0.00115469,0.000825869,-0.00206242
0.54,0.00211818,0.00306996,0.000855749,0.000974229,-0.00319476
0.55,0.00187155,0.00389499,0.0034818,0.00130422,-0.00229573
0.56,0.00294283,0.00451172,0.00357863,0.00169042,-0.00148316
0.57,0.00384697,0.0036305,0.00406493,0.00218348,-0.00156473
0.58,0.00416482,0.00204197,0.00507315,0.00267578,-0.00104232
0.59,0.00360546,0.00223325,0.00378987,0.00212277,0.000150978
0.6,0.00233472,0.000667586,0.00314857,0.00320814,0.0010519
0.61,0.000377339,-0.000131734,0.00186817,0.00383204,0.00214813
0.62,-0.00155161,-0.000685076,0.00195195,0.00503444,0.000793906
0.63,-0.0023046,-0.00217046,0.00177493,0.0056626,0.003235
0.64,-0.00340085,-0.00340048,0.00196989,0.00725958,0.00617253
0.65,-0.00586253,-0.0047583,0.00158436,0.0091259,0.00799918
0.66,-0.0074554,-0.00616418,0.00109048,0.0097423,0.0104144
0.67,-0.00960329,-0.00739247,0.000628145,0.0111429,0.0116953
0.68,-0.0115145,-0.00846715,0.000496422,0.011546,0.0137585
0.69,-0.0122625,-0.0095646,-0.000320889,0.012192,0.0151503
0.7,-0.0125778,-0.0103539,-0.000723159,0.0120443,0.0159633
0.71,-0.0128057,-0.010543,-0.00118463,0.0117483,0.0161463
0.72,-0.0111166,-0.0115721,-0.000529448,0.0122017,0.0119776
0.73,0.00907485,-0.00656478,0.00602377,0.00599978,0.00627862
0.74,-0.00188058,-0.00391499,0.00311838,0.0099654,0.0074588
0.75,-0.00374947,-0.00156107,0.0111959,0.00915112,0.00565675
0.76,-0.00590497,-0.00313851,0.010879,0.0136145,0.00800554
0.77,-0.00754564,-0.00161662,0.00138106,0.017371,0.0114686
0.78,-0.00795339,-0.00351832,-0.00133427,0.0109376,0.0104484
0.79,-0.00724518,-0.00323487,-0.000915695,0.0131338,0.0128823
0.8,-0.00614896,-0.00448233,0.00413045,0.018118,0.016438
0.81,-0.00438368,-0.00177825,0.00176487,0.0215008,0.00918109
0.82,-0.00339257,-0.00788952,0.0067003,0.0150352,0.00309726
0.83,-0.00109431,-0.0113215,0.00628166,0.0101532,0.00054814
0.84,0.000237163,-0.00754974,0.0024651,0.00821569,-0.00187902
0.85,-0.00226979,-0.00786771,0.00685755,0.00822062,-0.00137902
0.86,-0.00630072,-0.0124692,0.00446637,0.0126505,0.00238653
0.87,-0.00643159,-0.0171777,0.00409165,0.0167855,0.00122949
0.88,-0.00875683,-0.0188446,0.00578831,0.0242204,0.00395144
0.89,-0.0121839,-0.0252518,0.00540681,0.0325453,0.0103616
0.9,-0.0180765,-0.0289202,0.00514125,0.0371338,0.0175299
0.91,-0.0225043,-0.0284906,0.0054816,0.0385427,0.0236791
0.92,-0.0237562,-0.0298869,0.00583155,0.0372073,0.0272002
0.93,-0.0250511,-0.0305121,0.00610268,0.0376769,0.0273988
0.94,-0.0244139,-0.0299383,0.00632867,0.0365718,0.0283381
0.95,-0.0227288,-0.0289624,0.00597341,0.0343706,0.0300285
0.96,-0.0217386,-0.0273285,0.00638337,0.0339357,0.0280251
0.97,-0.0224068,-0.029101,0.00915612,0.0324079,0.0269896
0.98,-0.0230109,-0.0277744,0.00926958,0.0346697,0.0274151
0.99,-0.021178,-0.0274577,0.00940442,0.0324597,0.0233776
1,-0.0210613,-0.0289828,0.0078838,0.0312907,0.0211028
1.01,-0.0211085,-0.0285792,0.0100655,0.0275854,0.0185762
1.02,-0.0241897,-0.0103771,0.0207535,0.0142798,0.0145608
1.03,-0.0239562,0.0164651,0.0167148,0.0214258,0.0277063
1.04,-0.0174393,-0.00562506,-0.00374992,0.0117428,0.0281176
1.05,-0.0391473,-0.0247945,0.00615169,0.00945394,0.0189587
1.06,-0.0307023,-0.0180246,-0.0143584,0.0124492,0.035558
1.07,-0.0149647,-0.0229774,-0.0093858,0.0258896,0.0320818
1.08,-0.0289918,-0.0298217,-0.0140309,0.0497324,0.0297169
1.09,-0.0221365,-0.0499802,-0.0247871,0.0682421,0.0290793
1.1,-0.0290434,-0.0595789,-0.0291963,0.0737079,0.0144586
1.11,-0.0174636,-0.0582899,-0.0272656,0.0890918,0.00125795
1.12,-0.00120529,-0.0512007,-0.0221534,0.0866542,-0.0159802
1.13,0.00651215,-0.0318527,-0.0148482,0.0607437,-0.0273819
1.14,0.0300576,-0.0159897,-0.0103644,0.0358824,-0.0362683
1.15,0.0474436,-0.0198723,-0.00789959,0.0156411,-0.0441748
1.16,0.0568917,0.00343512,-0.00261451,0.0160976,-0.0492054
1.17,0.0630171,0.0283163,0.00314504,-0.00632419,-0.05584
1.18,0.0647243,0.0611554,0.00375804,0.00987884,-0.0832428
1.19,0.0737244,0.0514975,0.00763141,0.0023205,-0.100267
1.2,0.0975887,0.0450232,0.0112941,-0.00152282,-0.101812
1.21,0.124096,0.0426395,0.0164459,-0.0145222,-0.132998
1.22,0.157123,0.0857015,0.0182655,-0.128959,-0.15864
1.23,0.192103,0.154123,0.0181837,-0.151374,-0.188119
1.24,0.208239,0.204515,-0.028586,-0.246748,-0.209334
1.25,0.230161,0.326831,-0.241636,-0.339047,-0.22368
1.26,0.245257,0.303795,-0.21038,-0.397515,-0.228386
1.27,0.25312,0.279349,-0.185627,-0.412075,-0.245573
1.28,0.24372,0.285973,-0.158897,-0.387949,-0.246002
1.29,0.261937,0.399246,-0.0621086,-0.353994,-0.249845
1.3,0.252904,0.466068,0.0590806,-0.380167,-0.262409
1.31,0.252014,0.509351,0.154359,-0.437264,-0.257553
1.32,0.274631,0.52317,0.223498,-0.447445,-0.265264
1.33,0.263275,0.518843,0.269366,-0.417161,-0.275586
1.34,0.252842,0.514377,0.269676,-0.368062,-0.269503
1.35,0.241495,0.501973,0.251769,-0.340558,-0.260068
1.36,0.262145,0.500743,0.238876,-0.338914,-0.277126
1.37,0.2525,0.506852,0.227933,-0.335571,-0.274701
1.38,0.256296,0.513806,0.201459,-0.321108,-0.253243
1.39,0.275581,0.519658,0.181296,-0.329369,-0.277042
1.4,0.277739,0.507867,0.179495,-0.325513,-0.292674
1.41,0.3064,0.508568,0.220207,-0.350486,-0.302518
1.42,0.302642,0.50329,0.218818,-0.3543,-0.298226
1.43,0.320715,0.495916,0.257273,-0.357386,-0.286551
1.44,0.31468,0.490603,0.214533,-0.351416,-0.282864
1.45,0.329944,0.477179,0.217954,-0.351407,-0.268087
1.46,0.315821,0.470412,0.219848,-0.323118,-0.276647
1.47,0.315649,0.465392,0.226909,-0.289446,-0.289681
1.48,0.290374,0.445296,0.249145,-0.278731,-0.26826
1.49,0.305471,0.430979,0.244819,-0.259555,-0.264404
1.5,0.292647,0.409502,0.262532,-0.239037,-0.245909
1.51,0.255988,0.377445,0.335661,-0.192089,-0.255025
1.52,0.216429,0.339133,0.406923,-0.141676,-0.237325
1.53,0.221551,0.311388,0.465307,-0.106302,-0.236749
1.54,0.199183,0.288593,0.467031,-0.0970652,-0.218656
1.55,0.174857,0.267492,0.46868,-0.102374,-0.20406
1.56,0.144987,0.258082,0.483956,-0.112435,-0.177817
1.57,0.160844,0.252864,0.366724,-0.133067,-0.141479
1.58,0.159821,0.245466,0.207389,-0.1403,-0.0708451
1.59,0.159611,0.236021,0.159154,-0.134749,-0.0454414
1.6,0.146156,0.215049,0.0641884,-0.120166,-0.0156944
1.61,0.131568,0.193126,-0.0551499,-0.104865,-0.0284621
1.62,0.105076,0.164631,-0.0952324,-0.0890755,-0.0346045
1.63,0.0798656,0.135654,-0.158695,-0.0802855,-0.0368126
1.64,0.0345002,0.111777,-0.25369,-0.0984628,-0.0416138
1.65,-0.00267281,0.0333401,-0.325892,-0.0923175,-0.0373561
1.66,-0.0154767,-0.085248,-0.392947,-0.0857666,-0.0156056
1.67,-0.0239087,-0.220433,-0.467137,-0.0534211,0.016036
1.68,-0.0616776,-0.31114,-0.551607,-0.03259,0.0263553
1.69,-0.0606044,-0.3456,-0.621814,-0.0237607,0.103798
1.7,-0.0666478,-0.273051,-0.467993,-0.0282564,0.142228
1.71,-0.0681622,-0.199038,-0.228801,-0.0604483,0.192091
1.72,-0.0589165,-0.0629633,-0.0223353,-0.0948331,0.227547
1.73,-0.00874865,0.109772,0.0529406,-0.102381,0.236363
1.74,0.0153005,0.260026,0.224871,-0.127843,0.240803
1.75,0.0424911,0.404495,0.290834,-0.116659,0.234587
1.76,0.0481884,0.40299,0.385859,-0.115659,0.226755
1.77,0.0353656,0.391935,0.418381,-0.0302284,0.188784
1.78,0.0385669,0.379981,0.444859,0.0758971,0.164303
1.79,0.033875,0.395564,0.504475,0.156638,0.149066
1.8,0.0194931,0.367878,0.532447,0.200688,0.125605
1.81,0.017139,0.370513,0.543075,0.207479,0.102789
1.82,0.0157777,0.359172,0.523692,0.164954,0.0847787
1.83,0.0106187,0.328243,0.527554,0.0934875,0.0471753
1.84,0.0145611,0.308293,0.51015,0.00986498,0.0121097
1.85,0.0226008,0.299238,0.342582,-0.0983,0.00327272
1.86,0.0285914,0.279669,0.201327,-0.215761,-0.00962
1.87,0.0295803,0.276849,-0.0119586,-0.351903,-0.0316809
1.88,0.0264181,0.255554,-0.343434,-0.453548,-0.033866
1.89,0.0431903,0.123401,-0.458956,-0.544799,-0.0379163
1.9,0.037636,0.048151,-0.453055,-0.476278,-0.0313853
1.91,0.0463037,0.0306301,-0.34243,-0.393139,-0.0444814
1.92,0.043977,-0.0379303,-0.154888,-0.393835,-0.0598993
1.93,0.0187487,-0.0440197,0.0443708,-0.359021,-0.0513895
1.94,0.0176237,0.0459079,0.191476,-0.40098,-0.0586122
1.95,0.0194808,0.179344,0.31707,0.0331598,-0.0395762
1.96,-0.00171323,0.250315,0.416533,0.286145,-0.0599991
1.97,0.00605609,0.292782,0.405118,0.237967,-0.059516
1.98,0.00937967,0.309182,0.22658,0.21218,-0.0631736
1.99,0.0156202,0.341523,-0.0425396,0.0541033,-0.0720337
2,0.0276461,0.314241,-0.25798,-0.143023,-0.0743235
2.01,0.0305651,0.118003,-0.435441,-0.290249,-0.0734697
2.02,0.0550057,-0.204761,-0.648393,-0.301291,-0.0781354
2.03,0.07874,-0.460294,-0.749182,-0.257989,-0.0701641
2.04,0.0787609,-0.367448,-0.678472,-0.255534,-0.105685
2.05,0.068847,-0.168123,-0.581745,-0.269305,-0.125454
2.06,0.071391,0.0379264,-0.37033,-0.301824,-0.169557
2.07,0.0752721,0.256726,-0.1537,-0.387559,-0.217783
2.08,0.0616915,0.435025,0.0223636,-0.485072,-0.236349
2.09,0.0542673,0.43872,0.00420294,-0.562184,-0.256976
2.1,0.0555464,0.324946,-0.267909,-0.606624,-0.272709
2.11,0.0641814,-0.194379,-0.595233,-0.620927,-0.266073
2.12,0.0675085,-0.542216,-0.812635,-0.626222,-0.253759
2.13,0.0660633,-0.702885,-0.895264,-0.621733,-0.253406
2.14,0.0218969,-0.680979,-0.925043,-0.606818,-0.22998
2.15,0.026677,-0.598038,-0.941866,-0.582562,-0.223063
2.16,0.0279023,-0.489833,-0.946066,-0.543109,-0.186144
2.17,0.028794,-0.379505,-0.909068,-0.50179,-0.168972
2.18,0.0315687,-0.265548,-0.879999,-0.455657,-0.151612
2.19,0.0323489,-0.0991817,-0.829134,-0.418927,-0.134674
2.2,0.0180988,0.0676594,-0.783178,-0.39676,-0.122543
2.21,0.0138259,0.146609,-0.529934,-0.370919,-0.118958
2.22,0.0150694,0.192674,-0.0747606,-0.375949,-0.11463
2.23,0.00648769,0.205084,0.108829,-0.356066,-0.111975
2.24,-0.0048645,0.257644,0.25551,-0.364307,-0.108725
2.25,-0.0204911,0.263671,0.366924,-0.345565,-0.107588
2.26,-0.0167819,0.279134,0.407529,-0.310495,-0.10592
2.27,-0.0251608,0.282168,0.461795,-0.25681,-0.114594
2.28,-0.0263901,0.253961,0.479808,-0.171937,-0.120308
2.29,-0.0195521,0.246164,0.510206,-0.0485558,-0.12565
2.3,-0.0199956,0.216172,0.488407,-0.0188818,-0.132328
2.31,-0.0110165,0.221535,0.54117,0.00278838,-0.15287
2.32,-0.0051241,0.21414,0.582975,-0.0653008,-0.16508
2.33,-0.000696545,0.218629,0.526242,-0.0488942,-0.168914
2.34,0.0153222,0.229579,0.501497,-0.0444033,-0.168962
2.35,0.026385,0.255054,0.512304,-0.071498,-0.163339
2.36,0.0426302,0.306083,0.48516,-0.023766,-0.14754
2.37,0.0504924,0.313851,0.487517,-0.00182784,-0.126148
2.38,0.0573311,0.312839,0.431114,0.0709342,-0.0624144
2.39,0.0544166,0.307748,0.404979,0.167015,0.00723887
2.4,0.067236,0.27945,0.487622,0.259769,0.105324
2.41,0.0765573,0.256492,0.695222,0.281728,0.169513
2.42,0.0922312,0.231052,0.78907,0.234486,0.194963
2.43,0.132081,0.222203,0.523493,0.100449,0.192385
2.44,0.158864,0.238397,-0.12748,-0.109927,0.162073
2.45,0.169396,0.286011,-0.561278,-0.227262,0.0949178
2.46,0.185414,0.325852,-0.68327,-0.252948,0.024901
2.47,0.18838,0.25072,-0.4878,-0.235248,-0.0278866
2.48,0.192153,0.281273,0.224423,-0.24405,-0.0542616
2.49,0.201189,0.414478,0.457462,-0.146475,-0.0967032
2.5,0.200687,0.496646,0.745978,0.122315,-0.12926
2.51,0.201733,0.544606,0.893497,0.181952,-0.136987
2.52,0.220214,0.568963,0.943379,0.20099,-0.132836
2.53,0.203629,0.575084,0.943305,0.210781,-0.0949725
2.54,0.206671,0.563958,0.983733,0.132431,-0.0732307
2.55,0.200427,0.545418,0.979963,0.160281,-0.0665581
2.56,0.179694,0.508264,0.969461,0.120271,-0.0790352
2.57,0.172834,0.474284,0.968326,-0.0260456,-0.0874398
2.58,0.160462,0.461544,0.949221,-0.0960071,-0.0947303
2.59,0.154498,0.450206,0.924421,-0.18935,-0.0976619
2.6,0.153629,0.444259,0.916591,-0.311349,-0.0995625
2.61,0.134568,0.431865,0.762119,-0.379869,-0.102601
2.62,0.137763,0.42438,0.356216,-0.427811,-0.0997174
2.63,0.141265,0.411813,-0.262261,-0.447539,-0.0979642
2.64,0.140652,0.376599,-0.445804,-0.443209,-0.103446
2.65,0.135705,0.325787,-0.4408,-0.371477,-0.101176
2.66,0.133365,0.285581,-0.379843,-0.350057,-0.106301
2.67,0.122536,0.269283,-0.363938,-0.341703,-0.111567
2.68,0.136418,0.231653,-0.294478,-0.359798,-0.116331
2.69,0.148309,0.242921,-0.262249,-0.40966,-0.125793
2.7,0.17233,0.28028,-0.27902,-0.521581,-0.129865
2.71,0.177926,0.300734,-0.603925,-0.542462,-0.158439
2.72,0.181085,0.226292,-0.643947,-0.52565,-0.175369
2.73,0.169254,0.043996,-0.625039,-0.48769,-0.187534
2.74,0.146759,-0.11445,-0.704467,-0.490242,-0.190951
2.75,0.135266,-0.180965,-0.862674,-0.461875,-0.204243
2.76,0.134607,-0.184032,-0.97189,-0.445865,-0.221963
2.77,0.132493,-0.167445,-0.993199,-0.442614,-0.242621
2.78,0.157267,-0.104621,-0.994976,-0.456725,-0.260192
2.79,0.183083,0.0173268,-0.952993,-0.477228,-0.279523
2.8,0.166669,0.150954,-0.754527,-0.495757,-0.283658
2.81,0.1355,0.205278,-0.528852,-0.482946,-0.305428
2.82,0.0876949,0.243053,-0.334261,-0.472853,-0.275132
2.83,0.106306,0.194197,-0.405043,-0.427802,-0.249325
2.84,0.149528,-0.0797927,-0.601673,-0.39116,-0.192812
2.85,0.18468,-0.281448,-0.81688,-0.371962,-0.170511
2.86,0.189172,-0.381032,-0.905346,-0.362398,-0.156181
2.87,0.175961,-0.284882,-0.935302,-0.385552,-0.155079
2.88,0.122978,-0.255976,-0.963027,-0.398759,-0.146382
2.89,0.0861268,-0.254281,-1.00881,-0.428991,-0.166473
2.9,0.0666287,-0.23708,-0.959276,-0.42383,-0.182438
2.91,0.0406151,-0.206567,-0.921839,-0.424818,-0.163663
2.92,0.0291493,-0.148983,-0.917511,-0.418015,-0.131424
2.93,0.0167125,-0.175588,-0.854254,-0.404042,-0.117327
2.94,0.0344819,-0.0709362,-0.850481,-0.392253,-0.0931431
2.95,0.0565739,-0.00321064,-0.841575,-0.377656,-0.0468669
2.96,0.0742485,0.0696575,-0.774759,-0.343032,-0.0222079
2.97,0.0780424,0.132382,-0.701556,-0.321627,-0.0226812
2.98,0.0753878,0.245692,-0.401438,-0.300722,-0.0131639
2.99,0.0667486,0.30172,0.00330464,-0.258635,0.010436
3,0.0688253,0.330963,0.23716,-0.215866,-0.0150688
3.01,0.0584396,0.352208,0.379889,-0.162121,-0.0450009
3.02,0.0625662,0.368752,0.507393,-0.0793263,-0.0775548
3.03,0.0607453,0.354425,0.262491,-0.0820309,-0.0916508
3.04,0.0706829,0.31726,-0.16896,-0.189935,-0.0989865
3.05,0.0511459,0.141289,-0.324174,-0.236531,-0.110178
3.06,0.0400244,-0.0490695,-0.407492,-0.223044,-0.100857
3.07,0.0337021,-0.169191,-0.565661,-0.26078,-0.0833611
3.08,0.0376323,-0.145316,-0.818281,-0.325983,-0.0866822
3.09,0.022103,-0.0482802,-0.840262,-0.426197,-0.0874921
3.1,0.0359613,0.135318,-0.396902,-0.465507,-0.105559
3.11,0.038841,0.240129,0.0365367,-0.473169,-0.120194
3.12,0.0707905,0.386677,0.270283,-0.479914,-0.148907
3.13,0.0737697,0.490032,0.39669,-0.451543,-0.15366
3.14,0.1043,0.544484,0.482551,-0.428775,-0.166485
3.15,0.110024,0.536936,0.610493,-0.432681,-0.152527
3.16,0.118182,0.530617,0.713954,-0.283705,-0.138783
3.17,0.127866,0.494526,0.790129,-0.13187,-0.126235
3.18,0.132022,0.485563,0.876783,-0.0416844,-0.12324
3.19,0.154195,0.481677,0.883111,-0.00413334,-0.11505
3.2,0.163456,0.450772,0.911261,0.0297587,-0.10345
3.21,0.166779,0.436529,0.97855,0.0856186,-0.129586
3.22,0.179815,0.39733,1.00913,0.129274,-0.16255
3.23,0.167892,0.359943,0.818177,0.099556,-0.16821
3.24,0.173179,0.246765,0.535178,0.00394069,-0.188519
3.25,0.151661,0.19702,0.291291,-0.156634,-0.184528
3.26,0.149237,0.201948,0.159842,-0.281062,-0.160782
3.27,0.131595,0.26534,0.068969,-0.416916,-0.149731
3.28,0.12993,0.326693,-0.0584332,-0.451138,-0.148239
3.29,0.128867,0.335288,-0.0951145,-0.469636,-0.173444
3.3,0.114238,0.338003,-0.0963397,-0.484568,-0.190457
3.31,0.12202,0.34126,-0.0728644,-0.500852,-0.232857
3.32,0.124672,0.334184,-0.0692137,-0.517196,-0.230284
3.33,0.115937,0.332953,-0.15524,-0.55054,-0.250104
3.34,0.114299,0.343247,-0.280928,-0.543302,-0.283294
3.35,0.131324,0.225597,-0.436508,-0.500551,-0.270615
3.36,0.15082,0.139192,-0.545116,-0.436249,-0.287648
3.37,0.151259,0.0525153,-0.718825,-0.423559,-0.276822
3.38,0.144709,0.0415715,-0.650842,-0.421096,-0.2563
3.39,0.12129,0.0647806,-0.565457,-0.432944,-0.255801
3.4,0.0968723,0.0999002,-0.373451,-0.461157,-0.24335
3.41,0.0903733,0.130409,-0.283482,-0.497971,-0.239765
3.42,0.0874498,0.145776,-0.0143943,-0.528834,-0.208787
3.43,0.0722588,0.191333,0.0962078,-0.507891,-0.177261
3.44,0.0536175,0.224675,0.168876,-0.492974,-0.169977
3.45,0.030143,0.193848,0.181421,-0.435375,-0.12233
3.46,0.00478002,0.181897,0.163846,-0.331036,-0.0857251
3.47,0.032495,0.170882,0.242713,-0.282195,-0.0770468
3.48,0.0375814,0.124507,0.228945,-0.150357,-0.0731326
3.49,0.0485412,0.128258,0.291804,-0.082685,-0.0601918
3.5,0.0648166,0.183618,0.356709,-0.000411406,-0.0754493
3.51,0.0721479,0.232768,0.36819,0.0231033,-0.146493
3.52,0.0838725,0.193353,0.317323,0.0135492,-0.138278
3.53,0.096829,0.106954,0.174516,-0.0753692,-0.117979
3.54,0.0824124,0.0439083,-0.0650562,-0.138752,-0.0890555
3.55,0.0654812,0.00245782,-0.165865,-0.217947,-0.061715
3.56,0.0265265,0.0866864,-0.295063,-0.321337,-0.0881577
3.57,0.029213,0.280322,-0.401503,-0.385581,-0.104443
3.58,0.0265968,0.281033,-0.382034,-0.422875,-0.108816
3.59,0.00925045,0.253475,-0.341516,-0.481123,-0.0788724
3.6,0.0198931,0.226218,-0.328601,-0.491201,-0.0723151
3.61,0.0356479,0.181922,-0.336133,-0.481471,-0.0828352
3.62,0.032739,0.168698,-0.233176,-0.482042,-0.0638787
3.63,0.0272145,0.167516,-0.276842,-0.479288,-0.0828496
3.64,0.0623529,0.174111,-0.200413,-0.412655,-0.0833458
3.65,0.0815461,0.226157,-0.0993934,-0.353997,-0.100035
3.66,0.0835546,0.235614,0.0730021,-0.276753,-0.0958538
3.67,0.0643208,0.212223,0.213194,-0.156232,-0.121179
3.68,0.0397216,0.0878044,0.218835,-0.130414,-0.131688
3.69,0.0136904,-0.0145451,0.0115468,-0.0848236,-0.142597
3.7,0.00286489,0.102213,-0.258297,-0.0627789,-0.127082
3.71,-0.0375267,0.160087,-0.424015,-0.0844305,-0.100637
3.72,-0.00632741,-0.106181,-0.554521,-0.159364,-0.0923421
3.73,-0.00868103,-0.386949,-0.753353,-0.274264,-0.0734496
3.74,-0.00644438,-0.489022,-0.853509,-0.462411,-0.0477598
3.75,-0.00450125,-0.503207,-0.880907,-0.499638,-0.0244585
3.76,0.0132123,-0.407232,-0.900731,-0.505026,-0.00922557
3.77,-0.0542846,-0.38097,-0.910294,-0.476883,0.00230339
3.78,-0.084941,-0.291314,-0.924254,-0.424779,-0.0240391
3.79,-0.0895235,-0.238664,-0.938305,-0.376604,-0.0227545
3.8,-0.0635704,-0.185732,-0.971728,-0.349023,-0.0489081
3.81,-0.0461766,-0.346273,-0.958092,-0.331478,-0.0686058
3.82,-0.0275041,-0.466786,-0.940172,-0.376874,-0.101016
3.83,0.00336255,-0.50575,-0.948624,-0.48723,-0.128276
3.84,0.0134577,-0.502268,-0.848828,-0.487843,-0.140379
3.85,0.0308663,-0.489401,-0.720847,-0.422337,-0.154027
3.86,0.0278079,-0.418031,-0.778439,-0.349558,-0.161273
3.87,-0.00319996,-0.376902,-0.936114,-0.34937,-0.15418
3.88,-0.01052,-0.307824,-1.03156,-0.411313,-0.16203
3.89,-0.000192767,-0.22277,-1.05157,-0.372115,-0.16051
3.9,0.0158824,-0.141793,-1.05281,-0.319809,-0.187699
3.91,0.0344326,-0.12492,-1.07018,-0.342708,-0.186712
3.92,0.036818,-0.0739441,-1.01004,-0.322094,-0.212637
3.93,0.0366589,0.0776789,-0.896875,-0.326363,-0.221502
3.94,0.0484951,0.236109,-0.744044,-0.388183,-0.219558
3.95,0.0527266,0.290204,-0.318207,-0.420818,-0.238145
3.96,0.0472891,0.297554,0.0793316,-0.457607,-0.241392
3.97,0.0351906,0.271267,-0.0133661,-0.414917,-0.219304
3.98,0.0215869,0.247949,-0.144846,-0.436628,-0.205497
3.99,0.0137933,0.210423,-0.246514,-0.444002,-0.184152
4,0.00914307,0.108093,-0.325424,-0.454626,-0.167907
4.01,0.00869046,-0.000377257,-0.527774,-0.460712,-0.163902
4.02,0.00130319,-0.0837556,-0.688442,-0.482966,-0.169095
4.03,-0.0113133,-0.143221,-0.83526,-0.490271,-0.170562
4.04,-0.0300462,-0.186212,-0.877601,-0.496602,-0.171349
4.05,-0.0522172,-0.121761,-0.889816,-0.473973,-0.167905
4.06,-0.0824496,-0.0298229,-0.824512,-0.456806,-0.158231
4.07,-0.102054,0.0972446,-0.642885,-0.431877,-0.14842
4.08,-0.111737,0.161942,-0.462018,-0.405984,-0.144598
4.09,-0.112841,0.134228,-0.413767,-0.383838,-0.125004
4.1,-0.103961,0.0546851,-0.36935,-0.378675,-0.109651
4.11,-0.0966803,0.065441,-0.385286,-0.389946,-0.102836
4.12,-0.0851327,0.0433539,-0.395234,-0.396752,-0.0909352
4.13,-0.0740241,-0.0259546,-0.349075,-0.407691,-0.0969375
4.14,-0.06523,-0.0661455,-0.330692,-0.437332,-0.104965
4.15,-0.0529032,-0.0861704,-0.446815,-0.422235,-0.107827
4.16,-0.0552852,-0.0829074,-0.505411,-0.446359,-0.108104
4.17,-0.0380019,-0.114068,-0.426654,-0.444297,-0.115837
4.18,-0.0300018,-0.168921,-0.504568,-0.43638,-0.122382
4.19,-0.02267,-0.181054,-0.511686,-0.449157,-0.118875
4.2,-0.0118742,-0.163232,-0.476079,-0.407942,-0.119369
4.21,-0.00603452,-0.100308,-0.520375,-0.410394,-0.123759
4.22,0.000842669,-0.0719925,-0.485252,-0.357849,-0.12183
4.23,0.0126951,-0.101616,-0.512487,-0.327686,-0.109757
4.24,0.027489,-0.0539811,-0.508213,-0.304441,-0.0962999
4.25,0.0395572,0.0414544,-0.389172,-0.278312,-0.0909754
4.26,0.0502434,0.172358,-0.429658,-0.25667,-0.073806
4.27,0.0493427,0.237383,0.274057,-0.213068,-0.0658407
4.28,0.0467114,0.289134,0.451361,0.0292569,-0.0199868
4.29,0.0413441,0.318367,0.567104,0.133138,-0.00764628
4.3,0.0629419,0.312917,0.56537,0.0718833,-0.00617432
4.31,0.0776905,0.29473,0.543354,-0.0923009,0.0132285
4.32,0.0892163,0.238786,0.186531,-0.156008,0.0399976
4.33,0.080836,0.18939,-0.0694785,-0.213746,0.0685748
4.34,0.0872445,0.160803,-0.18252,-0.227166,0.0726351
4.35,0.0957532,0.129298,-0.176457,-0.34657,0.00376513
4.36,0.122669,0.113059,-0.10614,-0.363245,-0.055269
4.37,0.122756,0.10543,-0.0327578,-0.401193,-0.103633
4.38,0.140574,0.101992,0.0285425,-0.331676,-0.137997
4.39,0.122098,0.12162,0.108942,0.106224,-0.180766
4.4,0.123734,0.138858,0.206195,0.645078,-0.265574
4.41,0.132827,0.170754,0.240322,0.787349,-0.340232
4.42,0.117973,0.192106,0.308413,0.686052,-0.142576
4.43,0.103618,0.219563,0.468235,0.569535,-0.0476848
4.44,0.10453,0.250024,0.584971,0.531705,-0.0991352
4.45,0.132663,0.267568,0.559152,0.366418,-0.0624795
4.46,0.140179,0.296409,0.577345,0.169436,-0.0806779
4.47,0.177045,0.318002,0.583998,0.0830001,-0.107504
4.48,0.190847,0.330386,0.668408,0.0595724,-0.103693
4.49,0.202132,0.338716,0.782954,-0.096816,-0.10931
4.5,0.216951,0.368533,0.820651,-0.0957239,-0.121585
4.51,0.226393,0.390029,0.727917,-0.162439,-0.132233
4.52,0.23585,0.418841,0.370346,-0.311022,-0.151157
4.53,0.227735,0.415966,-0.0378611,-0.407591,-0.142704
4.54,0.256922,0.331126,-0.44307,-0.459718,-0.150769
4.55,0.26465,0.110533,-0.656466,-0.456556,-0.15461
4.56,0.235197,0.019654,-0.734193,-0.441519,-0.135275
4.57,0.219502,0.0499485,-0.82729,-0.451561,-0.13148
4.58,0.215512,0.0782224,-0.898076,-0.468066,-0.136633
4.59,0.202372,0.0593239,-0.847868,-0.465487,-0.129224
4.6,0.187557,0.0582027,-0.894785,-0.462806,-0.126205
4.61,0.166716,0.0670456,-0.854854,-0.442357,-0.121504
4.62,0.154601,0.103141,-0.857944,-0.400987,-0.105799
4.63,0.139823,0.131248,-0.741402,-0.381416,-0.0907049
4.64,0.115881,0.159135,-0.618473,-0.347005,-0.0935396
4.65,0.1167,0.185184,-0.306933,-0.32666,-0.0962462
4.66,0.109989,0.207423,0.0703868,-0.306954,-0.0882116
4.67,0.0984788,0.236492,0.22827,-0.291312,-0.0862055
4.68,0.0801127,0.240369,0.300324,-0.286157,-0.0784177
4.69,0.0692175,0.234252,0.342449,-0.279465,-0.0796014
4.7,0.0663138,0.211849,0.293826,-0.256688,-0.0825454
4.71,0.0617809,0.194319,0.263016,-0.274492,-0.0855271
4.72,0.0622934,0.185848,0.207555,-0.255331,-0.0972288
4.73,0.0511005,0.175569,0.143682,-0.273617,-0.0990752
4.74,0.0397346,0.153137,0.105141,-0.30394,-0.105738
4.75,0.0341005,0.131384,0.050328,-0.32546,-0.118801
4.76,0.0317563,0.128377,0.0146023,-0.359055,-0.129023
4.77,0.0320584,0.112104,0.0402136,-0.404593,-0.140613
4.78,0.0202649,0.106103,-0.0582767,-0.42711,-0.150383
4.79,0.0344805,0.110389,-0.134002,-0.443914,-0.162832
4.8,0.0300979,0.106707,-0.180659,-0.440832,-0.161073
4.81,0.054183,0.0979373,-0.169973,-0.391745,-0.147469
4.82,0.0823356,0.0703742,-0.069902,-0.321943,-0.138889
4.83,0.102786,0.093364,0.0717806,-0.257158,-0.134539
4.84,0.114067,0.113468,0.179941,-0.171818,-0.143126
4.85,0.106395,0.135382,0.271518,-0.154253,-0.151702
4.86,0.0810592,0.158734,0.252394,-0.181316,-0.156326
4.87,0.0692157,0.156829,0.136259,-0.238676,-0.157277
4.88,0.0681572,0.188949,-0.10328,-0.29656,-0.144794
4.89,0.0629208,0.216731,-0.427624,-0.343124,-0.143542
4.9,0.0672187,0.269915,-0.634088,-0.37006,-0.121495
4.91,0.0845078,0.0731835,-0.749408,-0.380094,-0.103908
4.92,0.0873646,-0.521372,-0.905109,-0.380538,-0.0961867
4.93,0.0768341,-0.612701,-0.82476,-0.391357,-0.0910937
4.94,0.0849553,-0.297916,-0.709873,-0.395012,-0.0908686
4.95,0.0791929,0.121813,-0.584794,-0.423989,-0.0755909
4.96,0.0741712,0.293699,-0.369993,-0.359958,-0.0785741
4.97,0.0930652,0.334067,-0.143321,-0.337514,-0.0846386
4.98,0.0960168,0.346395,-0.022828,-0.19298,-0.094485
4.99,0.0979536,0.302374,0.0682472,-0.0782468,-0.0980589
5,0.0863926,0.265419,0.123447,-0.0151672,-0.0963268
5.01,0.0798274,0.219141,0.15803,0.0582491,-0.110706
5.02,0.0666011,0.234765,0.152489,0.104058,-0.109601
5.03,0.0526193,0.261506,0.0969009,0.120928,-0.0887361
5.04,0.0450814,0.338578,0.0214539,0.150567,-0.0606703
5.05,0.0383243,0.256267,-0.0236865,0.111953,-0.0446097
5.06,0.0323841,0.161405,-0.0436386,0.0922517,-0.0257157
5.07,0.0327244,0.167,-0.0651782,0.01725,-0.0133352
5.08,0.0468442,0.211712,-0.0719695,-0.0291064,0.0111034
5.09,0.0891318,0.23443,-0.0629684,-0.0936523,0.0316192
5.1,0.0664788,0.275109,-0.0441678,-0.109951,0.00474248
5.11,0.0736164,0.289833,-0.0198896,-0.125245,0.0191469
5.12,0.0695442,0.282471,0.0198512,-0.0934147,-0.011239
5.13,0.0697025,0.280094,0.0498532,-0.0740595,-0.0124052
5.14,0.0691025,0.23667,0.0728368,-0.0682002,-0.0263969
5.15,0.0721971,0.230251,0.0798182,-0.0228808,-0.040187
5.16,0.0622738,0.22632,0.0833485,-0.000235404,-0.0541553
5.17,0.0633862,0.187437,0.0591966,0.0241059,-0.0522422
5.18,0.0621213,0.106022,0.0764949,0.0696472,-0.0376998
5.19,0.0830951,0.0669111,0.0639634,0.0507911,-0.0122525
5.2,0.0805331,0.044499,0.119142,-0.0291121,0.0182963
5.21,0.0685464,0.116563,0.151634,-0.11876,0.00947357
5.22,0.0694825,0.200083,0.253293,-0.0943391,0.00956482
5.23,0.0676191,0.193567,0.344665,0.0150579,-0.0255438
5.24,0.075916,0.147728,0.435091,0.133046,-0.016778
5.25,0.0840093,0.162393,0.491433,0.189736,-0.0585486
5.26,0.100144,0.169289,0.529387,0.168756,-0.0824141
5.27,0.119524,0.150926,0.297436,0.0663846,-0.115895
5.28,0.177702,0.147457,-0.0776784,-0.046905,-0.124841
5.29,0.171665,0.184987,-0.308452,-0.188028,-0.114983
5.3,0.194873,0.130376,-0.437174,-0.325614,-0.11995
5.31,0.208426,0.0225997,-0.465211,-0.399363,-0.0974905
5.32,0.178857,-0.2263,-0.359515,-0.460598,-0.0980548
5.33,0.168052,-0.158167,-0.208656,-0.485879,-0.11732
5.34,0.153071,-0.0250592,-0.0450155,-0.411984,-0.0733161
5.35,0.178771,0.1418,0.130299,-0.219265,-0.0462963
5.36,0.182608,0.211596,0.337381,-0.115007,-0.0901549
5.37,0.195729,0.253448,0.468192,-0.0381667,-0.0944948
5.38,0.181892,0.297433,0.532497,0.0210378,-0.101738
5.39,0.193583,0.315047,0.59722,0.00244646,-0.11169
5.4,0.182792,0.33472,0.593523,-0.00795338,-0.115808
5.41,0.165428,0.317174,0.592678,-0.0605143,-0.101872
5.42,0.148698,0.294728,0.554885,-0.104504,-0.100896
5.43,0.13026,0.263508,0.510468,-0.125354,-0.120496
5.44,0.108303,0.251834,0.453985,-0.202924,-0.108277
5.45,0.0810525,0.223148,0.379723,-0.232179,-0.105259
5.46,0.0468075,0.187212,0.343711,-0.216592,-0.0787917
5.47,0.00310752,0.149329,0.202572,-0.237622,-0.061216
5.48,-0.0360394,0.104843,0.140758,-0.245782,-0.0438513
5.49,-0.0764317,0.0682591,-0.0246083,-0.23161,-0.0475976
5.5,-0.108299,0.0426352,-0.0885045,-0.252942,-0.0319173
5.51,-0.13426,0.0117887,-0.136337,-0.268977,-0.0432289
5.52,-0.141782,-0.0142152,-0.177149,-0.270528,-0.0443488
5.53,-0.150415,-0.0380697,-0.204013,-0.316918,-0.0583409
5.54,-0.156951,-0.0622049,-0.3403,-0.393151,-0.0323656
5.55,-0.165635,-0.0778639,-0.445442,-0.392456,-0.0284717
5.56,-0.178869,-0.160398,-0.526539,-0.281535,-0.0109089
5.57,-0.201528,-0.335006,-0.591303,-0.151735,-0.0247614
5.58,-0.178706,-0.43099,-0.650133,0.0114474,-0.0049093
5.59,-0.215075,-0.450044,-0.522016,-0.0107767,0.053048
5.6,-0.246422,-0.448104,-0.584074,-0.223858,0.0761757
5.61,-0.248357,-0.412959,-0.648538,-0.213219,0.0861328
5.62,-0.234775,-0.301432,-0.566602,-0.261007,0.0866948
5.63,-0.196053,-0.192511,-0.374212,-0.279371,0.0801557
5.64,-0.121915,-0.0722181,-0.197301,-0.313935,0.0861543
5.65,-0.0521345,0.059784,-0.092627,-0.354491,0.0461486
5.66,-0.0200517,0.137158,-0.109572,-0.30648,0.0250657
5.67,0.00215269,0.177094,-0.0084999,-0.270034,0.0129531
5.68,0.0184628,0.254082,-0.0620745,-0.262524,0.00479059
5.69,0.0316748,0.267021,-0.10093,-0.223724,-0.0200188
5.7,0.040467,0.297364,-0.13631,-0.219749,-0.0369495
5.71,0.0396645,0.318946,-0.17056,-0.217845,-0.0517404
5.72,0.03549,0.327359,-0.198055,-0.182552,-0.0607533
5.73,0.0340818,0.302516,-0.22252,-0.305357,-0.0620443
5.74,0.0224239,0.241997,-0.27104,-0.24057,-0.0472044
5.75,0.0166962,0.161656,-0.276357,-0.223665,-0.0449311
5.76,0.0141942,0.0139172,-0.294477,-0.13804,-0.0403537
5.77,0.014001,-0.117195,-0.284348,-0.0904285,-0.0297905
5.78,0.0171163,-0.22398,-0.260008,-0.0528546,-0.0330276
5.79,0.0279019,-0.337106,-0.253411,-0.038336,-0.0214942
5.8,0.0391073,-0.369168,-0.27742,0.0095326,-0.0134746
5.81,0.0434961,-0.370504,-0.283151,0.0481269,-0.0134363
5.82,0.0574323,-0.332399,-0.373148,0.0272459,-0.00996201
5.83,0.075418,-0.290334,-0.360245,-0.0288141,-0.0147419
5.84,0.0797682,-0.140232,-0.253674,-0.0923602,-0.0130545
5.85,0.0893844,0.0323705,0.066295,-0.127065,-0.0315044
5.86,0.0864289,0.161523,0.218327,-0.184179,-0.0474397
5.87,0.0798788,0.253151,0.381173,-0.185677,-0.105183
5.88,0.0677509,0.303404,0.465032,-0.0457701,-0.187861
5.89,0.0701299,0.331372,0.30456,0.0814928,-0.209972
5.9,0.0545491,0.31441,0.0555766,0.0566617,-0.210597
5.91,0.0378439,0.281545,0.0256399,-0.0867506,-0.21306
5.92,0.0378262,0.255792,0.0306771,-0.181502,-0.228568
5.93,0.0421024,0.234767,0.0171578,-0.291636,-0.208892
5.94,0.0512746,0.168303,-0.0424973,-0.435984,-0.233352
5.95,0.069032,0.125293,-0.20845,-0.571045,-0.252038
5.96,0.0787076,0.0615755,-0.357845,-0.63656,-0.255573
5.97,0.0871835,0.0707117,-0.487098,-0.590963,-0.245721
5.98,0.0904422,0.109078,-0.554829,-0.527671,-0.215175
5.99,0.08912,0.19047,-0.520462,-0.473348,-0.225708
6,0.0926382,0.275003,-0.425793,-0.479764,-0.214617
6.01,0.0994314,0.351257,-0.398419,-0.498334,-0.211074
6.02,0.103088,0.379219,-0.247164,-0.497506,-0.195777
6.03,0.108298,0.400353,-0.0896238,-0.492755,-0.196607
6.04,0.113129,0.417537,0.0601754,-0.495966,-0.201883
6.05,0.11185,0.418666,0.112276,-0.491507,-0.224837
6.06,0.122317,0.440293,0.143087,-0.467546,-0.220436
6.07,0.124857,0.442649,0.184092,-0.44058,-0.21741
6.08,0.127654,0.448832,0.220384,-0.403694,-0.222111
6.09,0.136978,0.462338,0.194747,-0.399414,-0.207361
6.1,0.131681,0.46261,0.295748,-0.377813,-0.208592
6.11,0.14185,0.447493,0.409423,-0.356752,-0.186129
6.12,0.153428,0.447655,0.390147,-0.334748,-0.141834
6.13,0.163569,0.444806,0.510612,-0.311093,-0.107111
6.14,0.169458,0.442774,0.31897,-0.267093,-0.0325747
6.15,0.172721,0.433003,0.409022,-0.219876,0.00462771
6.16,0.177342,0.422212,0.250827,-0.205515,0.0151539
6.17,0.194979,0.395873,0.305767,-0.158372,-0.0329845
6.18,0.177715,0.386671,0.194177,-0.0918678,-0.0396293
6.19,0.16057,0.341404,0.196005,-0.0298857,-0.0895138
6.2,0.166718,0.32097,0.100058,-0.0534748,-0.113052
6.21,0.160105,0.333936,-0.191522,-0.193213,-0.118262
6.22,0.155553,0.354253,-0.280307,-0.285221,-0.0524388
6.23,0.133662,0.325089,-0.110886,-0.322395,0.0264951
6.24,0.111237,0.319051,0.199586,-0.276025,0.117486
6.25,0.104194,0.366517,0.337995,-0.265992,0.1653
6.26,0.103777,0.367649,0.352672,-0.195417,0.170504
6.27,0.0982908,0.38673,0.388368,-0.0438853,0.0881297
6.28,0.0962719,0.397729,0.4076,0.0804096,0.0296365
6.29,0.104078,0.391277,0.394,0.155008,0.0136489
6.3,0.114881,0.383112,0.402573,0.169679,-0.00702788
6.31,0.120922,0.371784,0.375687,0.179445,-0.0158691
6.32,0.126332,0.363806,0.362273,0.177891,-0.0242326
6.33,0.130336,0.36897,0.240091,0.164365,-0.0259647
6.34,0.126771,0.369151,0.0871828,0.143561,-0.0312933
6.35,0.122262,0.365694,-0.0321773,0.130426,-0.0242091
6.36,0.112203,0.350717,-0.144234,0.129043,-0.0260818
6.37,0.103012,0.289172,-0.217792,0.126189,-0.0177643
6.38,0.0928768,0.180699,-0.206772,0.119337,-0.0220818
6.39,0.0816933,0.090709,-0.259934,0.137227,-0.0129044
6.4,0.0543805,-0.0126383,-0.260489,0.153023,-0.0221003
6.41,0.0244664,-0.0991883,-0.297317,0.145667,-0.00177809
6.42,0.00645753,-0.178717,-0.294528,0.162982,0.0338345
6.43,0.0036674,-0.230634,-0.285762,0.151072,0.0852653
6.44,-0.0261974,-0.243693,-0.270262,0.138847,0.0850442
6.45,-0.11494,-0.243246,-0.271569,0.137587,0.100844
6.46,-0.14369,-0.232918,-0.299406,0.122943,0.093871
6.47,-0.177397,-0.193246,-0.238415,0.102324,0.0990175
6.48,-0.147024,-0.162476,-0.257052,0.0805173,0.0891515
6.49,-0.105729,-0.101596,-0.166429,0.0518815,0.078342
6.5,-0.0710404,0.00995387,-0.0508073,0.0185506,0.0501261
6.51,-0.0274238,0.0438716,0.0429705,0.0119434,0.0438174
6.52,0.00788828,0.046954,0.104717,0.0209531,0.03303
6.53,0.0451198,0.105161,0.208964,0.0407777,0.00114727
6.54,0.104268,0.174512,0.304442,0.0677742,-0.0342509
6.55,0.100384,0.240215,0.454186,0.0743655,-0.0305847
6.56,0.100177,0.276983,0.46374,0.0590165,-0.0250164
6.57,0.0980823,0.311265,0.489751,0.0488176,-0.0283155
6.58,0.0924188,0.340541,0.534106,0.0350753,-0.0424914
6.59,0.0987907,0.366244,0.515438,0.0484473,-0.0280696
6.6,0.117977,0.385925,0.58632,0.0513305,-0.0311756
6.61,0.142062,0.424948,0.47433,0.0720246,-0.0227842
6.62,0.189106,0.490689,0.385353,0.0505471,-0.017599
6.63,0.184952,0.518586,0.353821,0.00914293,-0.00652201
6.64,0.170126,0.478073,0.321848,-0.0679034,-0.00792859
6.65,0.16352,0.458662,0.434958,-0.14409,0.00256787
6.66,0.168345,0.46992,0.652562,-0.0233293,-0.00411052
6.67,0.17792,0.470166,0.818147,0.167706,-0.0248015
6.68,0.180621,0.466655,0.851753,0.285067,-0.0515527
6.69,0.188969,0.465199,0.862554,0.250888,-0.0792116
6.7,0.171532,0.477182,0.888207,0.233032,-0.107645
6.71,0.16189,0.493285,0.931235,0.191611,-0.118322
6.72,0.146253,0.499926,0.921673,0.1515,-0.106159
6.73,0.142607,0.477159,0.891238,0.0736858,-0.100793
6.74,0.142465,0.468005,0.838319,-0.0216055,-0.0976698
6.75,0.141523,0.459041,0.82168,-0.0926352,-0.100916
6.76,0.138061,0.419069,0.704931,-0.10166,-0.108918
6.77,0.121037,0.432516,0.665061,-0.133081,-0.112495
6.78,0.106233,0.393099,0.632145,-0.165034,-0.114046
6.79,0.111274,0.373898,0.602326,-0.189343,-0.121347
6.8,0.100331,0.36922,0.589109,-0.203657,-0.120808
6.81,0.0863928,0.363027,0.568246,-0.218165,-0.121065
6.82,0.0757941,0.381482,0.563555,-0.219149,-0.114682
6.83,0.0664404,0.370411,0.490917,-0.219481,-0.115451
6.84,0.0669724,0.385593,0.178199,-0.207402,-0.117711
6.85,0.0635515,0.39324,0.0874444,-0.218244,-0.12541
6.86,0.0668301,0.415354,0.209753,-0.228455,-0.131091
6.87,0.0821014,0.470559,-0.0492439,-0.221016,-0.128035
6.88,0.105308,0.493351,0.104805,-0.246584,-0.133054
6.89,0.108284,0.562046,-0.313856,-0.274755,-0.129819
6.9,0.121543,-0.422628,-0.478799,-0.297477,-0.14304
6.91,0.0470442,-1.09504,-0.581749,-0.306218,-0.1521
6.92,-0.218355,-0.942241,-0.588277,-0.31368,-0.169632
6.93,-0.251455,-0.680087,-0.574643,-0.333476,-0.169303
6.94,-0.176214,-0.520331,-0.48109,-0.369281,-0.177947
6.95,-0.104108,-0.740255,-0.411494,-0.376859,-0.187268
6.96,-0.0712705,-0.840525,-0.418712,-0.384313,-0.195173
6.97,-0.0148238,-0.988188,-0.462298,-0.386546,-0.18117
6.98,-0.00156435,-0.997243,-0.54934,-0.368987,-0.181389
6.99,0.0256153,-0.962364,-0.605895,-0.362279,-0.188698
7,0.0400509,-0.652676,-0.622297,-0.35745,-0.178811
7.01,0.0694956,-0.114548,-0.64997,-0.36246,-0.197107
7.02,0.0917737,0.105509,-0.674244,-0.360713,-0.201185
7.03,0.110211,0.2917,-0.562423,-0.372722,-0.218624
7.04,0.115035,0.372429,-0.284534,-0.411467,-0.217256
7.05,0.127346,0.420354,-0.033995,-0.442996,-0.224194
7.06,0.136465,0.493476,0.0419641,-0.509909,-0.235708
7.07,0.162444,0.419196,-0.153182,-0.552691,-0.239652
7.08,0.216804,0.0368032,-0.4185,-0.560307,-0.252622
7.09,0.154713,-0.280671,-0.582106,-0.526728,-0.241316
7.1,0.0395944,-0.279497,-0.724786,-0.409704,-0.23882
7.11,0.0194758,-0.274088,-0.829745,-0.350259,-0.212233
7.12,0.0120168,-0.241158,-0.91733,-0.360812,-0.189913
7.13,0.020427,-0.214166,-0.894563,-0.408885,-0.164568
7.14,0.0285511,-0.145024,-0.821316,-0.408991,-0.168529
7.15,0.0493209,-0.0608209,-0.804008,-0.446947,-0.17348
7.16,0.0632905,0.0370447,-0.804258,-0.46849,-0.186735
7.17,0.0884323,0.10533,-0.768505,-0.504637,-0.199635
7.18,0.100859,0.160675,-0.77386,-0.488766,-0.216014
7.19,0.107545,0.24057,-0.705337,-0.491553,-0.220283
7.2,0.121348,0.278173,-0.216656,-0.483075,-0.227613
7.21,0.13827,0.34161,0.211162,-0.460775,-0.211147
7.22,0.144708,0.409992,0.411308,-0.382594,-0.218053
7.23,0.167716,0.459864,0.398574,-0.220231,-0.230663
7.24,0.183782,0.486712,0.625209,-0.0841974,-0.23612
7.25,0.193727,0.510896,0.697426,0.00713375,-0.2507
7.26,0.212531,0.543894,0.731356,-0.10233,-0.24617
7.27,0.201694,0.587114,0.558906,-0.250101,-0.247156
7.28,0.197348,0.606938,0.260349,-0.249562,-0.255474
7.29,0.179928,0.55114,0.0491385,-0.237594,-0.217211
7.3,0.155869,0.455859,-0.0345157,-0.377479,-0.166486
7.31,0.130967,0.415309,-0.0606919,-0.465677,-0.190741
7.32,0.11798,0.390979,-0.0489281,-0.490804,-0.194825
7.33,0.108887,0.387463,0.0525627,-0.510135,-0.210578
7.34,0.107519,0.394143,0.151611,-0.519784,-0.217018
7.35,0.104089,0.400118,0.24045,-0.490277,-0.195516
7.36,0.100608,0.391669,0.338355,-0.449305,-0.179306
7.37,0.0963949,0.379956,0.469925,-0.394348,-0.148165
7.38,0.0961896,0.381215,0.566306,-0.271134,-0.113926
7.39,0.0904124,0.361457,0.538023,-0.0731159,-0.0776762
7.4,0.0962503,0.346275,0.49775,0.100651,-0.0491112
7.41,0.0983467,0.338984,0.533293,0.12284,-0.024876
7.42,0.0991974,0.338513,0.652148,0.106785,-0.0138681
7.43,0.111673,0.341595,0.690395,0.0879835,-0.0100821
7.44,0.122969,0.328775,0.774031,0.0857881,-0.0153666
7.45,0.137907,0.333269,0.781062,0.103935,0.00136818
7.46,0.143195,0.330351,0.742204,0.082211,-0.0324915
7.47,0.149182,0.339971,0.195261,0.0128062,0.0102313
7.48,0.16054,0.321902,-0.207016,-0.0611488,-0.0056648
7.49,0.163168,0.293656,-0.483,-0.123652,-0.0115981
7.5,0.157081,0.237414,-0.614447,-0.111785,0.0229382
7.51,0.163569,0.0288584,-0.568042,-0.097803,0.0474483
7.52,0.153124,-0.114691,-0.635787,-0.11062,0.0848645
7.53,0.108127,-0.106262,-0.637092,-0.125,0.0901965
7.54,0.0828539,0.114331,0.273713,-0.211521,0.0558835
7.55,0.0772414,0.281512,0.652775,-0.288823,0.0263361
7.56,0.0762187,0.340473,0.75528,0.0565503,-0.00694123
7.57,0.081145,0.397551,0.816607,0.375318,-0.023342
7.58,0.0943609,0.40934,0.829112,0.525156,-0.0458596
7.59,0.110865,0.382709,0.835107,0.544925,-0.0117543
7.6,0.121891,0.438146,0.8036,0.456494,0.0413896
7.61,0.113594,0.440123,0.787111,0.316211,0.0803181
7.62,0.1076,0.431501,0.778284,0.278504,0.0738018
7.63,0.0940651,0.420404,0.747588,0.180626,0.0404428
7.64,0.0835736,0.403664,0.720277,0.120684,0.0153514
7.65,0.0747467,0.383395,0.731887,0.0544734,-0.00629591
7.66,0.0586068,0.353058,0.720479,-0.0281162,-0.0479489
7.67,0.0399327,0.303168,0.682693,-0.108683,-0.0869138
7.68,0.024831,0.2786,0.624843,-0.188363,-0.120587
7.69,0.0449982,0.233457,0.50248,-0.266929,-0.14358
7.7,0.040674,0.199008,0.270147,-0.359115,-0.193835
7.71,0.0837078,0.161891,-0.257942,-0.449738,-0.211651
7.72,0.0848915,-0.00559175,-0.459984,-0.49736,-0.23542
7.73,0.128257,-0.143145,-0.555304,-0.503591,-0.21358
7.74,0.0501157,-0.134543,-0.67824,-0.493378,-0.183181
7.75,0.108582,-0.163833,-0.773631,-0.490521,-0.169238
7.76,0.225984,-0.566108,-0.882031,-0.48891,-0.171083
7.77,0.234359,-0.760762,-0.920498,-0.499112,-0.162324
7.78,0.167461,-0.749572,-0.928483,-0.510836,-0.146581
7.79,0.0176019,-0.753989,-0.952026,-0.507324,-0.155181
7.8,-0.0272883,-0.80912,-0.963821,-0.496561,-0.146768
7.81,-0.0445309,-0.773301,-0.908726,-0.506865,-0.131215
7.82,-0.0267162,-1.05573,-0.846326,-0.469781,-0.11661
7.83,-0.028732,-0.812122,-0.84778,-0.422805,-0.10575
7.84,-0.0147052,-0.818642,-0.769237,-0.425874,-0.0983203
7.85,-0.0211272,-0.592197,-0.723578,-0.402969,-0.0989105
7.86,-0.00209868,-0.544578,-0.698559,-0.362137,-0.0977984
7.87,-0.00270225,-0.407069,-0.669786,-0.386979,-0.101996
7.88,0.0116395,-0.543085,-0.59407,-0.385708,-0.105307
7.89,0.0209695,-0.392764,-0.551636,-0.360814,-0.0980417
7.9,0.0387017,-0.151781,-0.534356,-0.349541,-0.0983503
7.91,0.0505421,-0.0731931,-0.524364,-0.307084,-0.0902008
7.92,0.0616089,-0.0278932,-0.493151,-0.302566,-0.0882444
7.93,0.085061,-0.0154046,-0.483291,-0.315697,-0.0800178
7.94,0.0948055,0.0700222,-0.468426,-0.3089,-0.0796054
7.95,0.106935,0.132693,-0.46373,-0.326125,-0.0836004
7.96,0.11495,0.167588,-0.448665,-0.331048,-0.0765132
7.97,0.135904,0.217335,-0.441006,-0.343082,-0.0775625
7.98,0.144104,0.248484,0.463139,-0.3869,-0.0824828
7.99,0.173493,0.314281,0.846361,-0.397548,-0.0899447
8,0.183304,0.396456,0.938965,0.300223,-0.0872601
8.01,0.174445,0.443478,0.704572,0.616518,-0.0850172
8.02,0.172339,0.472352,0.818805,0.657911,-0.0622345
8.03,0.169813,0.483835,0.884716,0.722142,-0.00846079
8.04,0.138848,0.46606,0.974644,0.706949,0.0865542
8.05,0.119581,0.456565,0.961803,0.683206,0.219155
8.06,0.113937,0.418171,0.891532,1.02619,0.101232
8.07,0.115708,0.419892,0.885999,1.3183,0.0295079
8.08,0.113735,0.432891,0.853005,1.38225,0.0163388
8.09,0.116252,0.436966,0.823238,1.40473,0.0134555
8.1,0.125686,0.44462,0.836342,1.22632,-0.00162724
8.11,0.129651,0.439864,0.877839,0.697684,0.00387923
8.12,0.117227,0.415442,0.937063,0.329086,-0.00559249
8.13,0.108266,0.403778,0.928505,0.0318424,-0.0096755
8.14,0.108517,0.401628,0.816789,-0.148434,-0.0202401
8.15,0.110896,0.411034,0.274731,-0.261686,-0.0248427
8.16,0.106444,0.411156,-0.114668,-0.291593,-0.030342
8.17,0.103902,0.413184,-0.403892,-0.334499,-0.030872
8.18,0.105258,0.411245,-0.518658,-0.323382,-0.0350205
8.19,0.104899,0.393272,-0.555258,-0.343833,-0.0384532
8.2,0.113948,0.364217,-0.529274,-0.323142,-0.0426306
8.21,0.112793,0.084447,-0.538973,-0.306725,-0.0487875
8.22,0.118971,-0.0658701,-0.572816,-0.278526,-0.055985
8.23,0.115056,-0.0738963,-0.605503,-0.244151,-0.0648008
8.24,0.123864,-0.243145,-0.661867,-0.205968,-0.0703098
8.25,0.117295,-0.247406,-0.724788,-0.185425,-0.0785748
8.26,0.13414,-0.315395,-0.729718,-0.177795,-0.0950311
8.27,0.141307,-0.316178,-0.729009,-0.196813,-0.101296
8.28,0.144501,-0.137787,-0.7075,-0.202261,-0.117794
8.29,0.158156,-0.264681,-0.665629,-0.24205,-0.129495
8.3,0.172125,-0.175706,-0.694258,-0.302498,-0.152392
8.31,0.192883,-0.0756644,-0.656893,-0.36899,-0.156864
8.32,0.189065,-0.0972065,-0.600564,-0.422269,-0.170402
8.33,0.19328,-0.254936,-0.73643,-0.457539,-0.156535
8.34,0.175175,-0.327218,-0.801366,-0.479869,-0.141397
8.35,0.083504,-0.207679,-0.768624,-0.478993,-0.112073
8.36,0.0605146,-0.144247,-0.874296,-0.471083,-0.111213
8.37,0.0808863,-0.220409,-0.943542,-0.482586,-0.116756
8.38,0.0923609,-0.168704,-1.02295,-0.488922,-0.115394
8.39,0.0888508,-0.0431482,-1.05281,-0.48105,-0.12226
8.4,0.103214,0.02971,-1.10277,-0.473573,-0.134953
8.41,0.122522,0.159566,-0.81467,-0.474197,-0.132741
8.42,0.130367,0.265015,-0.238254,-0.445791,-0.136457
8.43,0.139125,0.33471,0.252021,-0.461898,-0.140234
8.44,0.136079,0.380682,0.534174,-0.508715,-0.141465
8.45,0.142245,0.402245,0.654283,-0.417288,-0.134207
8.46,0.142206,0.397638,0.750133,0.41757,-0.133824
8.47,0.138947,0.372917,0.822669,0.755127,-0.131783
8.48,0.143363,0.355344,0.834741,0.781569,-0.114821
8.49,0.135744,0.341189,0.848729,0.724728,-0.0337304
8.5,0.141672,0.339254,0.845987,0.789287,0.0672699
8.51,0.149914,0.349193,0.807188,0.853377,0.181001
8.52,0.157373,0.355066,0.789335,0.917671,0.215201
8.53,0.170404,0.337026,0.767601,1.06716,0.228982
8.54,0.164834,0.343218,0.782851,1.14438,0.23812
8.55,0.159381,0.333801,0.746015,1.15793,0.225706
8.56,0.15348,0.331627,0.709491,1.15745,0.176391
8.57,0.134804,0.320681,0.681632,1.18931,0.0918369
8.58,0.14173,0.312163,0.681279,1.16732,0.0483784
8.59,0.143085,0.294535,0.67119,1.25559,0.0317305
8.6,0.122611,0.300563,0.668983,1.31419,-0.0134574
8.61,0.130526,0.299291,0.624322,1.39231,0.0729449
8.62,0.132616,0.335491,0.620675,1.30094,0.120405
8.63,0.128635,0.342534,0.604985,1.22297,0.00720288
8.64,0.138652,0.330788,0.578775,1.24494,-0.0453515
8.65,0.141019,0.31787,0.620238,0.602079,-0.0436818
8.66,0.154721,0.351229,1.06355,-0.0238579,-0.0323001
8.67,0.178576,0.412001,0.961866,-0.0622633,-0.0419212
8.68,0.179138,0.478292,0.989663,-0.144362,-0.0552339
8.69,0.187574,0.499507,0.993951,-0.201699,-0.0749362
8.7,0.19207,0.519397,0.945491,-0.238123,-0.0870893
8.71,0.182914,0.535537,0.517522,-0.307051,-0.0993459
8.72,0.174328,0.512946,-0.0669522,-0.381693,-0.109908
8.73,0.183651,0.481291,-0.279249,-0.458542,-0.115237
8.74,0.197041,0.441993,-0.342974,-0.474655,-0.116139
8.75,0.17871,0.380056,-0.47854,-0.435875,-0.113722
8.76,0.169036,0.324327,-0.388915,-0.416087,-0.117508
8.77,0.148893,0.351736,-0.298851,-0.451919,-0.126965
8.78,0.153462,0.417661,-0.151056,-0.505294,-0.147838
8.79,0.167739,0.498893,0.127393,-0.595671,-0.163662
8.8,0.170902,0.506694,0.470446,-0.441797,-0.182436
8.81,0.178103,0.444058,0.735045,-0.128166,-0.174467
8.82,0.172823,0.416091,0.942912,0.0838049,-0.14185
8.83,0.149314,0.441804,0.966681,0.131922,-0.122854
8.84,0.149359,0.454926,0.940812,0.113676,-0.106422
8.85,0.150358,0.506014,0.908877,0.127098,-0.0900501
8.86,0.151304,0.507583,0.857774,0.104435,-0.0957343
8.87,0.139122,0.526406,0.804523,0.0819802,-0.099901
8.88,0.141338,0.515519,0.752587,0.0230806,-0.1115
8.89,0.142205,0.469736,0.689397,-0.0583573,-0.119948
8.9,0.138297,0.481508,0.669694,-0.162745,-0.123779
8.91,0.132343,0.478889,0.619348,-0.242312,-0.122694
8.92,0.141963,0.480445,0.568472,-0.321611,-0.123336
8.93,0.142604,0.481009,0.54061,-0.418881,-0.124976
8.94,0.133009,0.454413,0.534748,-0.502096,-0.122948
8.95,0.12497,0.447156,-0.405317,-0.578541,-0.121469
8.96,0.12289,0.445214,-0.73192,-0.598045,-0.120504
8.97,0.106796,0.402616,-0.94829,-0.5357,-0.130445
8.98,0.0775408,0.264371,-1.13915,-0.477464,-0.125408
8.99,0.0370444,-0.590454,-1.32828,-0.384814,-0.115549
9,-0.0454938,-1.1092,-1.34165,-0.254088,-0.087134
9.01,-0.192196,-1.21959,-1.20058,-0.161528,-0.0790031
9.02,-0.320476,-1.20808,0,-0.104289,-0.0655193
9.03,-0.325989,-1.20984,0,-0.112402,-0.0784499
9.04,-0.208163,0,0,-0.169313,-0.0910433
9.05,-0.121497,0,0,-0.230055,-0.141433
9.06,-0.0460387,0,-0.524285,-0.447715,-0.16335
9.07,0.0173363,0,-1.0959,-0.622798,-0.192435
9.08,0.12249,0.0421528,-1.1103,-0.673166,-0.211695
9.09,0.185788,-0.0770191,-0.991844,-0.617897,-0.202472
9.1,0.191635,-0.0874737,-0.779071,-0.581008,-0.202107
9.11,0.176581,0.0640589,-0.601417,-0.571995,-0.193981
9.12,0.168123,0.246881,-0.420904,-0.569615,-0.195263
9.13,0.144099,0.386111,-0.135509,-0.596124,-0.190945
9.14,0.147161,0.458939,-0.0673093,-0.584758,-0.175292
9.15,0.131494,0.483024,-0.0676194,-0.564768,-0.154595
9.16,0.122797,0.472031,-0.144252,-0.543612,-0.161166
9.17,0.121181,0.452664,-0.173296,-0.493179,-0.150621
9.18,0.120808,0.427546,-0.204899,-0.476295,-0.135924
9.19,0.115744,0.423509,-0.234073,-0.456896,-0.119836
9.2,0.111446,0.419649,-0.237127,-0.47566,-0.125193
9.21,0.123608,0.413092,-0.238034,-0.45624,-0.120023
9.22,0.129153,0.407962,-0.177213,-0.477606,-0.137435
9.23,0.156062,0.422208,-0.135486,-0.502462,-0.149839
9.24,0.169105,0.426781,-0.0558705,-0.472651,-0.1524
9.25,0.19467,0.442231,-0.00175924,-0.440098,-0.176126
9.26,0.229513,0.505829,-0.100468,-0.53047,-0.207242
9.27,0.240646,0.497309,-0.225527,-0.534507,-0.237013
9.28,0.2384,0.417482,-0.132797,-0.368072,-0.256356
9.29,0.240431,0.386264,0.0565668,-0.215252,-0.235456
9.3,0.228945,0.452662,0.226829,-0.248237,-0.198655
9.31,0.219025,0.540075,0.46509,-0.405442,-0.185619
9.32,0.189158,0.546785,0.492568,-0.469642,-0.207866
9.33,0.157652,0.536702,0.370412,-0.420594,-0.189661
9.34,0.14726,0.542266,0.220675,-0.419958,-0.175259
9.35,0.132428,0.498857,0.153228,-0.440391,-0.15391
9.36,0.125414,0.481538,0.0665642,-0.441568,-0.13801
9.37,0.117006,0.449447,-0.016076,-0.438357,-0.125883
9.38,0.113,0.431632,-0.060546,-0.41283,-0.12328
9.39,0.105864,0.406535,-0.0532179,-0.378169,-0.114298
9.4,0.100106,0.384894,-0.00479893,-0.35139,-0.1023
9.41,0.0898831,0.396492,-0.0189981,-0.339521,-0.0977001
9.42,0.0913593,0.38486,-0.015735,-0.325028,-0.0945351
9.43,0.0887699,0.371003,0.086884,-0.327666,-0.0899198
9.44,0.088389,0.347792,0.098267,-0.315161,-0.0883073
9.45,0.0885342,0.32973,0.182497,-0.312665,-0.0883257
9.46,0.0950667,0.315047,0.17144,-0.299686,-0.084529
9.47,0.100865,0.296205,0.162555,-0.286476,-0.0824938
9.48,0.107091,0.286992,0.133218,-0.264306,-0.0796994
9.49,0.118445,0.274904,0.133197,-0.246709,-0.0789333
9.5,0.133313,0.26147,0.129736,-0.240002,-0.0757989
9.51,0.127636,0.254822,0.169445,-0.226541,-0.0759733
9.52,0.129855,0.240525,0.202648,-0.220605,-0.070705
9.53,0.122418,0.243566,0.198343,-0.20172,-0.0601796
9.54,0.126978,0.226146,0.230722,-0.202928,-0.053411
9.55,0.0945683,0.224938,0.209457,-0.193949,-0.0408509
9.56,0.0893506,0.30682,0.258911,-0.149302,-0.0239382
9.57,0.0650973,0.323176,0.325548,-0.0924846,0.00722075
9.58,0.0572806,0.296334,0.385512,-0.0840087,0.0288653
9.59,0.053713,0.280367,0.340531,-0.125027,0.0377184
9.6,0.0544165,0.292978,0.151029,-0.179072,-0.0103827
9.61,0.114042,0.373155,-0.0411666,-0.237475,-0.0402153
9.62,0.141837,0.483029,-0.120599,-0.282884,-0.0305315
9.63,0.148336,0.513442,-0.23689,-0.295955,-0.0433114
9.64,0.135567,0.485626,-0.186395,-0.323767,-0.060219
9.65,0.134545,0.448394,-0.240627,-0.328077,-0.0693862
9.66,0.126251,0.426059,-0.221546,-0.357024,-0.0888594
9.67,0.132163,0.319835,-0.193811,-0.388215,-0.106892
9.68,0.132372,0.24052,-0.156309,-0.372314,-0.123657
9.69,0.137785,0.223374,-0.170035,-0.372389,-0.133526
9.7,0.146808,0.227156,-0.18814,-0.34668,-0.140915
9.71,0.15739,0.205866,-0.193445,-0.342817,-0.136014
9.72,0.163097,0.264212,-0.200246,-0.345492,-0.130787
9.73,0.158465,0.284577,-0.198317,-0.350181,-0.124107
9.74,0.158298,0.305986,-0.20417,-0.345377,-0.11292
9.75,0.142851,0.306472,-0.107622,-0.338985,-0.103361
9.76,0.122657,0.288923,-0.0808226,-0.30824,-0.0903738
9.77,0.101796,0.28114,-0.0361273,-0.288803,-0.0886693
9.78,0.0973499,0.252092,-0.0364299,-0.261353,-0.103802
9.79,0.0653706,0.230202,-0.0717239,-0.244997,-0.106116
9.8,0.0808037,0.208498,-0.0117952,-0.238403,-0.11525
9.81,0.0881465,0.176097,-0.0468081,-0.226019,-0.142737
9.82,0.149746,0.052091,-0.388708,-0.208385,-0.150803
9.83,0.156596,0.00221498,-0.213334,-0.199476,-0.148854
9.84,0.163713,0.0139323,-0.0770425,-0.0683135,-0.161571
9.85,0.161835,0.0434078,0.067569,0.0471869,-0.182738
9.86,0.151758,0.122998,0.204873,-0.0870136,-0.204227
9.87,0.125704,0.231756,0.367638,-0.233047,-0.184476
9.88,0.113783,0.379179,0.371936,-0.319064,-0.172175
9.89,0.110842,0.448526,0.228694,-0.333037,-0.171159
9.9,0.114038,0.455931,0.0594365,-0.34399,-0.153916
9.91,0.103768,0.443236,-0.0474552,-0.342509,-0.152463
9.92,0.0924659,0.412326,-0.0880662,-0.363931,-0.165564
9.93,0.067925,0.411218,-0.142108,-0.396372,-0.129585
9.94,0.0671877,0.331721,-0.135295,-0.36833,-0.14517
9.95,0.0554817,0.31384,-0.171644,-0.339186,-0.148019
9.96,0.0531716,0.172332,-0.210644,-0.311484,-0.108379
9.97,0.0562228,0.0854998,-0.291133,-0.296648,-0.0801732
9.98,0.0646061,0.0135191,-0.338941,-0.269838,-0.0657779
9.99,0.0530217,-0.17842,-0.363974,-0.236024,-0.0850627
10,0.0734666,-0.135726,-0.358004,-0.22392,-0.176043
