date [s],Average:Translational X-Velocity (Study 01 - Cube <01>) [m/s],Average:Translational X-Velocity (Study 01 - Cube <02>) [m/s],Average:Translational X-Velocity (Study 01 - Cube <03>) [m/s],Average:Translational X-Velocity (Study 01 - Cube <04>) [m/s],Average:Translational X-Velocity (Study 01 - Cube <05>) [m/s]
0,-2.95828e-08,-3.51527e-08,-2.75046e-08,1.2328e-07,4.17602e-08
0.01,-1.55753e-05,-4.40596e-05,3.90975e-05,7.85808e-05,1.49656e-05
0.02,-6.53902e-06,-6.74162e-06,-2.36533e-06,4.70943e-06,5.90936e-06
0.03,3.59682e-06,5.50309e-06,1.8953e-06,-1.54422e-06,-1.07865e-06
0.04,-2.99109e-06,-2.85196e-06,7.44587e-07,1.51959e-06,1.21312e-06
0.05,2.70424e-07,1.23062e-07,-5.8912e-07,-1.38072e-06,-1.17663e-06
0.06,1.78331e-06,2.8229e-06,1.33596e-07,-1.21755e-06,-1.17225e-06
0.07,1.13768e-07,-5.40809e-07,-7.33987e-07,7.52201e-07,-2.35747e-07
0.08,8.70334e-07,1.2299e-06,-4.56758e-07,-1.58302e-06,-1.8376e-06
0.09,-1.2519e-06,-1.32272e-06,-5.94066e-07,3.31817e-07,6.93644e-07
0.1,5.73466e-07,8.11646e-07,1.73467e-07,-8.99861e-07,-1.15364e-06
0.11,-1.47293e-07,3.64775e-08,-5.98632e-07,1.95149e-07,3.24204e-07
0.12,-5.85073e-09,-7.37353e-07,-5.43401e-08,7.98633e-07,4.29166e-07
0.13,3.55949e-07,7.39737e-07,-1.77599e-08,-9.82427e-07,-9.49724e-08
0.14,-4.78483e-07,-1.09159e-06,-1.98401e-07,1.56282e-06,7.2588e-07
0.15,5.33559e-07,1.00071e-06,5.88746e-07,-5.51535e-07,-5.65374e-07
0.16,-2.3755e-07,-4.87969e-07,-1.85731e-08,5.32008e-07,5.29699e-07
0.17,-6.83598e-07,-5.43235e-07,4.45827e-07,9.24496e-07,3.22635e-07
0.18,1.99244e-07,4.76691e-07,1.56324e-07,-4.00878e-07,-2.74033e-07
0.19,-2.17165e-08,-7.63894e-07,2.52372e-07,1.64915e-06,5.82429e-07
0.2,1.66546e-07,7.22396e-07,-7.78745e-08,-5.09803e-07,-3.67675e-07
0.21,-9.60981e-08,-5.13819e-07,1.44446e-07,4.95604e-07,3.35976e-07
0.22,-3.37351e-07,-1.29509e-09,3.05853e-07,4.07458e-07,3.06941e-07
0.23,5.54831e-07,7.47554e-07,4.45626e-07,-1.08242e-07,-4.32098e-07
0.24,-1.9049e-07,-3.84175e-07,-7.68206e-08,4.48956e-07,5.67911e-07
0.25,2.7264e-07,5.1298e-07,-1.63963e-07,-7.84667e-07,-4.96061e-07
0.26,-2.41677e-07,-3.91884e-07,-1.57794e-07,1.07838e-07,1.70142e-07
0.27,-1.0508e-07,3.06362e-08,5.92091e-08,-1.54303e-08,-8.50807e-11
0.28,1.86517e-07,2.36355e-07,8.86971e-08,-2.82354e-07,-3.2211e-07
0.29,-1.68999e-07,-2.47996e-07,-2.44553e-07,1.36248e-07,2.36614e-07
0.3,1.18594e-07,1.51346e-07,3.08139e-08,-2.50174e-07,-2.69632e-07
0.31,-1.71147e-07,-2.03906e-07,-2.54196e-08,1.60131e-07,1.8822e-07
0.32,9.62041e-08,1.16573e-07,-3.25186e-08,-1.92732e-07,-1.46218e-07
0.33,-5.24028e-08,-3.40376e-08,-3.43119e-08,1.97493e-08,3.43252e-08
0.34,3.3612e-08,3.65067e-08,2.86117e-08,-1.56239e-08,-4.35533e-08
0.35,-8.61149e-09,-5.63246e-08,2.08181e-08,3.49274e-08,1.69405e-08
0.36,-2.96538e-08,-3.78362e-08,-4.11916e-08,-1.1071e-08,3.27577e-08
0.37,-1.45457e-08,1.46621e-08,4.96776e-08,1.62132e-08,8.20372e-09
0.38,-1.29476e-08,-7.63405e-08,-1.52089e-08,9.89447e-09,3.49552e-08
0.39,-3.02072e-08,1.48216e-08,-1.39901e-08,-1.56243e-08,1.12193e-08
0.4,-2.01841e-08,3.83265e-08,-6.31534e-09,5.67667e-09,-1.258e-09
0.41,-3.53635e-09,9.09469e-09,-1.47518e-08,-1.581e-08,-1.90731e-08
0.42,2.82342e-08,-2.90181e-09,-4.5459e-09,-6.18971e-09,-2.56488e-08
0.43,2.46748e-08,-7.10057e-09,1.37255e-08,2.56683e-08,-2.19374e-08
0.44,7.88751e-09,-1.23086e-08,-2.74902e-08,-6.19259e-09,-1.33533e-08
0.45,1.23522e-08,2.29956e-08,4.021e-09,-1.37791e-08,-4.63096e-09
0.46,1.12509e-08,5.07851e-08,3.55357e-09,-2.57474e-08,-8.95933e-09
0.47,-9.03783e-09,3.3073e-08,1.65049e-08,-2.36326e-08,-9.90074e-09
0.48,7.22777e-09,1.69196e-08,-2.20629e-08,-5.07881e-08,-3.39234e-09
0.49,9.16942e-09,8.96569e-09,2.70959e-08,-3.95981e-08,-2.81087e-08
0.5,1.55198e-10,-1.20982e-08,-1.42967e-08,-3.35891e-08,-3.24944e-08
0.51,-2.21368e-08,-2.47723e-08,5.2987e-09,-1.70772e-08,-9.73042e-08
0.52,-1.92301e-08,-2.69204e-08,4.10197e-08,5.25461e-08,-5.14108e-09
0.53,8.59354e-09,-1.59746e-08,-2.23212e-09,1.99168e-08,-1.78629e-08
0.54,9.88968e-09,-2.15122e-09,8.10042e-09,2.29695e-09,-1.62888e-08
0.55,3.58007e-08,5.82415e-08,-2.16053e-08,-7.66214e-09,1.58938e-08
0.56,3.41177e-08,2.7503e-08,-2.65042e-08,-2.46883e-08,-5.18644e-09
0.57,1.41005e-08,5.62501e-08,-8.46716e-09,-3.24076e-08,4.81773e-09
0.58,4.11032e-08,6.23693e-08,-7.17511e-08,-6.14012e-08,-1.42273e-08
0.59,5.72362e-08,6.02602e-08,-1.45061e-09,-3.12679e-08,-1.55275e-08
0.6,4.24502e-08,5.41572e-08,-1.39216e-08,-3.26876e-08,-2.01474e-08
0.61,4.57389e-08,8.7625e-09,-3.45582e-08,-7.93318e-08,-7.03765e-08
0.62,3.38774e-08,1.16238e-08,-7.32456e-10,4.27777e-08,-4.65185e-08
0.63,5.71861e-08,5.08012e-08,1.82229e-08,2.25587e-08,-5.35195e-08
0.64,8.99541e-09,6.30001e-08,-2.33856e-08,-1.3545e-08,-6.11866e-08
0.65,8.25094e-09,1.09671e-07,3.66667e-08,-3.86609e-08,-4.05619e-08
0.66,6.27074e-09,1.42016e-07,-2.04395e-09,-4.46168e-08,-9.1481e-09
0.67,4.40353e-08,2.53124e-08,4.43571e-08,-4.82302e-08,-4.43217e-09
0.68,2.44926e-08,8.05362e-08,1.03218e-09,-4.85889e-09,6.18386e-08
0.69,3.92902e-08,4.21695e-08,-4.68829e-08,1.89193e-08,-1.99601e-08
0.7,4.13611e-08,1.12445e-07,-7.78921e-08,3.84631e-08,-3.87406e-08
0.71,-2.1816e-07,-9.68855e-08,-6.41175e-08,-4.02923e-08,-5.64513e-08
0.72,2.0722e-07,8.11129e-08,6.193e-08,7.40297e-10,-5.91361e-08
0.73,4.59017e-08,1.67072e-07,1.74258e-07,-3.29276e-08,-1.4587e-07
0.74,8.85295e-08,1.48177e-07,2.66091e-08,-9.41802e-08,-1.27438e-07
0.75,6.97795e-08,1.81164e-07,2.66015e-08,-4.09306e-08,-5.76939e-08
0.76,1.05355e-07,1.70809e-07,-1.17922e-07,-1.17002e-07,-8.76892e-08
0.77,1.33332e-07,1.43462e-07,-1.19467e-07,-1.20661e-07,-4.94805e-08
0.78,9.92551e-08,1.5919e-07,-1.24118e-08,-2.5961e-08,-2.3264e-09
0.79,1.66102e-07,2.19224e-07,1.97886e-09,-4.88258e-08,-5.24502e-08
0.8,8.9689e-08,1.89442e-07,1.29825e-09,-8.09388e-08,-6.33532e-08
0.81,1.85331e-07,2.87863e-07,4.74551e-08,-1.62409e-08,-2.26745e-08
0.82,1.54049e-07,5.93113e-07,9.94415e-08,-9.22834e-08,-6.99037e-08
0.83,1.3545e-07,4.68759e-07,1.04441e-07,-1.38963e-07,-6.71584e-08
0.84,2.38081e-07,6.40131e-07,2.22991e-07,-2.5392e-07,-9.49072e-08
0.85,2.32074e-07,8.2422e-07,1.25843e-07,-5.42611e-08,-1.42714e-07
0.86,2.31319e-07,5.3872e-07,9.85091e-08,-7.35014e-08,-2.1125e-07
0.87,2.07566e-07,5.86846e-07,9.96729e-08,-9.44213e-08,-1.6896e-07
0.88,2.70224e-07,4.21645e-07,1.02835e-07,-6.04972e-08,-1.15178e-07
0.89,1.79135e-07,7.81353e-07,1.17126e-07,-4.39063e-08,5.02717e-09
0.9,1.81107e-07,7.48883e-07,1.31181e-07,-1.023e-07,-9.60765e-08
0.91,1.08804e-07,7.68871e-07,1.49378e-07,-1.61755e-07,-1.22651e-07
0.92,5.4324e-08,6.48926e-07,1.63971e-07,-2.17694e-07,-1.45678e-07
0.93,2.66286e-07,9.19291e-07,-1.21436e-07,-1.30816e-07,7.29553e-08
0.94,1.33968e-07,8.79797e-07,3.60652e-07,-1.96306e-07,-2.31999e-07
0.95,1.19261e-07,8.8985e-07,2.81691e-07,-1.02227e-07,-1.82429e-07
0.96,1.13711e-07,9.58965e-07,3.07557e-07,-3.08856e-09,-5.47208e-07
0.97,8.28663e-08,1.14033e-06,2.71092e-07,-2.0728e-07,-2.15099e-07
0.98,1.35228e-07,1.16552e-06,4.04219e-07,-1.13391e-07,-1.83331e-07
0.99,1.67524e-07,1.11149e-06,3.88475e-07,-1.41219e-07,-4.05705e-07
1,3.65089e-07,1.23892e-06,2.57225e-07,-1.33203e-07,-2.70307e-07
1.01,4.2527e-08,1.21821e-06,3.27126e-07,-2.61e-07,-2.04826e-07
1.02,3.01207e-07,4.23379e-07,2.26322e-07,-3.01396e-07,-2.11266e-07
1.03,2.31649e-07,9.8404e-07,3.52187e-08,-3.54237e-07,-3.64015e-07
1.04,1.89909e-07,1.15312e-06,3.10852e-07,-3.25748e-07,-3.67123e-07
1.05,1.49832e-07,1.24976e-06,3.47004e-07,-5.37349e-07,-3.83859e-07
1.06,2.20591e-07,1.31021e-06,2.7229e-07,-5.1735e-07,-4.42252e-07
1.07,3.05053e-07,1.41458e-06,4.82709e-07,-3.94078e-07,-4.91191e-07
1.08,4.25593e-07,1.40677e-06,2.43462e-07,-5.94292e-07,-4.41703e-07
1.09,6.36727e-07,1.45409e-06,3.07263e-07,-7.32251e-07,-4.29753e-07
1.1,4.66349e-07,1.35695e-06,3.13229e-07,-6.86791e-07,-3.46903e-07
1.11,5.63205e-07,1.94863e-06,4.41875e-07,-9.43607e-07,-7.93787e-07
1.12,9.06469e-07,2.23329e-06,3.63937e-07,-1.11106e-06,-6.96613e-07
1.13,7.95539e-07,2.16926e-06,6.01557e-07,-1.04129e-06,-3.97187e-07
1.14,6.52191e-07,2.39108e-06,7.3266e-07,-1.10358e-06,-4.53813e-07
1.15,7.37829e-07,1.88489e-06,5.93545e-07,-1.08119e-06,-2.93961e-07
1.16,6.1975e-07,1.63671e-06,5.76497e-07,-1.26764e-06,-3.43398e-07
1.17,7.79188e-07,2.14839e-06,9.15656e-07,-1.13328e-06,-4.46091e-07
1.18,1.1656e-06,2.52645e-06,7.90731e-07,-1.66763e-06,-5.36192e-07
1.19,1.34273e-06,2.70341e-06,1.84355e-06,-1.63151e-06,-7.51724e-07
1.2,1.11095e-06,2.47314e-06,9.48083e-07,-9.42129e-07,-6.48839e-07
1.21,1.13792e-06,2.35602e-06,9.13859e-07,-1.49077e-06,-7.07924e-07
1.22,1.38342e-06,3.56262e-06,1.21922e-06,-1.18823e-06,-6.53998e-07
1.23,1.78709e-06,4.29856e-06,1.2676e-06,-7.94546e-07,-3.60851e-07
1.24,2.53119e-06,6.36029e-06,1.3397e-06,-1.01116e-06,-4.34273e-07
1.25,2.36805e-06,6.31035e-06,1.12196e-06,-6.67632e-06,9.6199e-08
1.26,2.93633e-06,7.61326e-06,7.42369e-07,-8.98405e-07,-7.09811e-07
1.27,3.33343e-06,1.01817e-05,4.64908e-07,-9.78532e-07,-1.27375e-06
1.28,3.88903e-06,1.37123e-05,1.91213e-06,6.80234e-07,-1.72039e-06
1.29,4.87078e-06,1.88781e-05,1.81342e-06,3.84052e-06,-2.88628e-06
1.3,5.54124e-06,6.07462e-07,2.63379e-06,1.00245e-05,-3.53356e-06
1.31,9.86657e-06,3.8473e-06,8.53754e-06,3.35324e-05,-4.93244e-06
1.32,8.05008e-06,1.66416e-05,6.19498e-06,6.22262e-05,-2.08635e-05
1.33,4.44597e-06,8.49594e-06,3.71361e-06,0.000104523,-8.86569e-06
1.34,-1.83921e-05,1.57243e-05,5.28183e-06,7.44826e-05,2.27232e-05
1.35,4.91547e-05,4.74994e-05,-1.34599e-05,9.2238e-05,2.02683e-05
1.36,-1.20481e-06,5.77079e-05,1.60783e-05,4.70809e-05,1.91579e-05
1.37,3.4104e-05,5.75206e-05,1.15806e-05,-8.35229e-05,-3.97626e-06
1.38,2.17729e-05,-6.93694e-05,5.34205e-05,-0.00012605,-3.17323e-06
1.39,2.91169e-05,2.06748e-06,6.02292e-05,-5.23197e-05,-9.39297e-05
1.4,0.000142352,-3.78563e-05,5.47692e-05,-3.58524e-05,-6.63245e-05
1.41,0.00011071,4.53827e-05,9.44937e-05,-5.74191e-05,-9.83416e-07
1.42,9.43986e-07,0.000103074,0.000123629,5.28731e-05,-6.76821e-05
1.43,-2.54229e-06,9.39842e-05,0.000110864,4.9489e-06,1.3431e-05
1.44,6.25391e-05,0.000252906,0.000336737,0.000282062,-0.000140911
1.45,0.000433206,0.000484673,0.000372333,0.000146158,-0.000264755
1.46,0.000158635,0.000740658,0.000463801,0.000222756,-0.000393242
1.47,0.000316727,0.000879364,0.000350799,-0.000198695,-0.000455367
1.48,0.000251105,0.00112656,0.000329097,-7.80584e-05,-0.000320454
1.49,0.000842365,0.00105755,0.00046486,2.35666e-05,-0.000358435
1.5,0.000786198,0.00166406,0.00052661,0.000151838,-0.000709607
1.51,0.00081409,0.00209019,0.00108462,-0.000343066,-0.000875079
1.52,0.000571813,0.00165278,0.00100988,-0.000199095,-0.000740409
1.53,0.00105322,0.00158536,0.00187337,0.000653606,-0.00026126
1.54,0.00231412,0.00251922,0.00212894,0.000730524,-0.000554823
1.55,0.00184686,0.00309516,0.00159719,0.00137707,-0.000217112
1.56,0.00198852,0.00299598,0.00120986,0.000983515,-0.00106929
1.57,0.00210102,0.00288213,0.000990133,0.00141736,-0.000725656
1.58,0.00143982,0.00279458,0.00305567,0.00180006,-0.00183059
1.59,0.00129122,0.00194549,0.0039291,0.00270244,-0.00109881
1.6,0.00301509,0.0017073,0.00493355,0.0028096,9.8733e-05
1.61,0.00118221,0.00220592,0.00454999,0.00265114,0.000651928
1.62,0.000666667,0.00154436,0.00446665,0.00298175,-0.000437057
1.63,-0.000792957,0.000810962,0.00415219,0.00411392,0.001636
1.64,-0.00206603,0.000635752,0.00495918,0.00442956,0.003609
1.65,-0.00245394,0.000413276,0.00525525,0.00587815,0.00519088
1.66,-0.00349824,0.000548653,0.00568792,0.00593444,0.0071537
1.67,-0.00433632,0.000426697,0.00575246,0.00716421,0.00920514
1.68,-0.00589239,-0.000777069,0.00541365,0.00783271,0.0106782
1.69,-0.00701093,-0.00178487,0.00515398,0.00851894,0.012057
1.7,-0.00810991,-0.00265932,0.00483326,0.00959738,0.012842
1.71,-0.00939389,-0.00299476,0.00466407,0.0100882,0.0145205
1.72,-0.00869726,-0.00311047,0.00446147,0.0105207,0.0141133
1.73,-0.00559266,-0.00165487,0.00430303,0.010949,0.009734
1.74,-0.0025562,-0.00402563,0.00804913,0.0187388,0.0104889
1.75,-0.00409517,-0.00234807,0.00454542,0.0104655,0.00131977
1.76,0.000464043,-0.00624701,0.00354513,0.013029,0.00457333
1.77,-0.00320637,-0.00365134,0.00670459,0.00453011,0.0135996
1.78,-0.00184705,-0.00420659,0.0101204,0.0149287,0.00610097
1.79,-0.00106186,-0.00772601,0.00678747,0.0053294,0.00260289
1.8,-0.000584221,-0.00697898,-0.00125984,0.0089982,-0.00130025
1.81,0.006057,-0.00565269,0.00446437,0.0167987,-0.000133272
1.82,0.000262992,-0.00206334,0.0011119,0.00643713,0.00123893
1.83,-0.000152671,-0.00555653,0.00554656,0.0142424,0.0019467
1.84,-0.00273156,-0.00190413,0.00244882,0.0102904,0.0018891
1.85,-0.00360163,-0.00846455,0.00210613,0.00728919,0.000735899
1.86,-0.00645437,-0.00264295,0.00347911,0.0090322,-0.00164918
1.87,-0.00124219,-0.00449053,0.00460384,0.00735263,-0.00130836
1.88,-0.00122417,-0.00307632,0.00480236,0.00581511,0.00332285
1.89,-0.00101279,-0.00341359,0.00375357,0.00754825,-0.0029346
1.9,0.00312521,-0.00204259,-0.00147667,0.00388644,-0.00269077
1.91,0.00486063,0.00447612,0.00324496,0.00223053,-0.00265747
1.92,0.00544953,0.00513428,0.00293843,0.000169394,-0.00331117
1.93,0.00480258,0.00741667,0.00400066,-0.00111312,-0.00284727
1.94,0.00669777,0.00669993,0.00646592,-0.000227422,-0.00465959
1.95,0.00753479,0.00998066,0.00819816,-0.000448695,-0.0022053
1.96,0.00568407,0.0100005,0.009638,-0.00218652,-0.00326055
1.97,0.00831809,0.0104728,0.00863577,-0.00221619,-0.00331236
1.98,0.00617885,0.00907577,0.00780211,-0.000786779,-0.0031152
1.99,0.00565867,0.00732113,0.00871066,0.00256333,-0.00374275
2,0.00337881,0.0070824,0.009638,0.00417589,-0.00232629
2.01,0.00141947,0.00525517,0.0113414,0.00481833,-7.54945e-05
2.02,0.000343149,0.0032658,0.0111893,0.00758787,0.000939263
2.03,-0.00264181,0.000553545,0.0114949,0.0121498,0.00369831
2.04,-0.00556622,-0.00166463,0.00980554,0.0156486,0.00697205
2.05,-0.00992296,-0.00397792,0.0104277,0.0207466,0.00946601
2.06,-0.0135743,-0.0083027,0.0108639,0.0247779,0.0124382
2.07,-0.0164577,-0.0144013,0.0104434,0.0301263,0.0169105
2.08,-0.0190982,-0.0179233,0.0111252,0.0346312,0.0212163
2.09,-0.0223991,-0.0215667,0.0111676,0.0392048,0.0258575
2.1,-0.023489,-0.0226662,0.0114905,0.0427066,0.0284064
2.11,-0.0260708,-0.0233196,0.0119338,0.0450441,0.0297648
2.12,-0.0108126,-0.0226247,0.0124881,0.0473374,0.0245852
2.13,-0.00496227,-0.0164178,0.0173158,0.0489364,0.0183339
2.14,-0.0116104,-0.0209161,0.0159425,0.0402399,0.0232151
2.15,-0.00607894,-0.0190648,0.0236897,0.0373462,0.0142739
2.16,-0.0044819,-0.00448025,0.0427917,0.0412524,0.0131263
2.17,-0.00113644,-0.00636147,0.0118734,0.0343243,0.0165481
2.18,0.00543199,-0.0105199,0.0245894,0.0374097,0.0159878
2.19,0.00152027,-0.00946434,0.0185799,0.0322688,0.0101715
2.2,0.018519,-0.000972064,0.0114963,0.0332475,0.00437092
2.21,0.00883829,0.00174403,0.0138275,0.0311659,-0.00574912
2.22,0.00919642,-0.0105765,0.0106735,0.0317495,-0.00102482
2.23,0.00876939,-0.00839154,0.00351857,0.0245989,-0.000396227
2.24,0.0107947,-0.00682838,0.00256429,0.0351655,-0.00491753
2.25,0.0186054,-0.000959478,0.00590846,0.0304019,-0.00342352
2.26,0.0196413,-0.00202591,0.0125683,0.0277905,-0.00481396
2.27,0.0170012,-0.010773,0.014219,0.0282203,-0.00438173
2.28,0.0106758,-0.00209468,0.0143855,0.0290502,-0.00699671
2.29,0.0177774,-0.00953625,0.0101321,0.047089,-0.00600488
2.3,0.00343438,-0.0101334,0.00987799,0.0516829,-0.00491245
2.31,0.000501926,-0.0112418,0.00899863,0.0466406,0.0019969
2.32,0.0116066,-0.0114787,0.00656687,0.0481578,0.00274356
2.33,0.00992822,-0.00883106,0.000602933,0.0495717,0.00477786
2.34,0.0101721,-0.0122199,-0.000740022,0.0504333,0.00669343
2.35,0.0164593,-0.0111645,-0.0048796,0.0549267,0.00799498
2.36,0.0147186,-0.00902348,-0.0112365,0.0581889,0.00816207
2.37,0.0217983,-0.00529048,-0.018223,0.0630566,0.00305617
2.38,0.0247095,0.00165242,-0.0251441,0.0643109,0.00326612
2.39,0.0267215,0.010665,-0.0365486,0.0692129,-0.00132316
2.4,0.023328,0.0190791,-0.0434998,0.0722067,-0.00537031
2.41,0.0260168,0.030603,-0.0530221,0.0689656,-0.0136093
2.42,0.0298092,0.0423398,-0.0398252,0.0548502,-0.0215163
2.43,0.0352579,0.0525564,-0.0298343,0.0338234,-0.0184643
2.44,0.0388351,0.0598744,-0.00872223,0.0136627,-0.0175683
2.45,0.0363574,0.0688269,0.0440032,-0.0166996,-0.0178187
2.46,0.038631,0.0759262,0.0838513,-0.045701,-0.020734
2.47,0.0409587,0.0826254,0.110048,-0.0507109,-0.0186695
2.48,0.0504236,0.100453,0.124473,-0.0672089,-0.0178808
2.49,0.0461444,0.113979,0.130847,-0.0754894,-0.017455
2.5,0.0510126,0.123347,0.139258,-0.0660163,-0.0144046
2.51,0.046922,0.136915,0.127852,-0.0606895,-0.00832266
2.52,0.0493372,0.132481,0.102018,-0.0483834,-0.00998727
2.53,0.0493131,0.127074,0.0861096,-0.040946,-0.00886345
2.54,0.0536283,0.126194,0.0878383,-0.0308637,-0.0067862
2.55,0.0548197,0.121212,0.0789827,-0.017964,-0.00381663
2.56,0.0582413,0.119493,0.0695812,-0.0106739,-0.00392072
2.57,0.0523815,0.106213,0.0601162,-0.00485002,-0.00327147
2.58,0.0530215,0.102355,0.0571862,-0.00136463,-0.00464193
2.59,0.0508575,0.0943113,0.0514528,-0.00547115,-0.0054032
2.6,0.0484466,0.0946563,0.0542942,-0.00693822,-0.00850963
2.61,0.0473885,0.0972372,0.0562672,-0.0168835,-0.011986
2.62,0.045471,0.0961775,0.0469904,-0.0338166,-0.0139216
2.63,0.03735,0.0898009,0.0361473,-0.0380132,-0.0142232
2.64,0.0303915,0.0837748,0.0382433,-0.0427668,-0.0144344
2.65,0.027072,0.0780167,0.0411115,-0.0481192,-0.0179122
2.66,0.0225544,0.0704009,0.0457298,-0.0602503,-0.0217222
2.67,0.0171293,0.0633189,0.0454888,-0.0699519,-0.0234372
2.68,0.00999687,0.052141,0.0474534,-0.0824478,-0.026638
2.69,0.00384179,0.0436546,0.0478318,-0.0945478,-0.0283303
2.7,-0.00264586,0.0343527,0.0509831,-0.106455,-0.0284672
2.71,-0.00667716,0.0240377,0.0533818,-0.115557,-0.0279248
2.72,-0.010726,0.0162871,0.049759,-0.126481,-0.0292394
2.73,-0.0154472,0.00642109,0.0414623,-0.131508,-0.0267949
2.74,-0.0181327,-0.00258351,0.0344171,-0.135329,-0.0256987
2.75,-0.0200243,-0.00433489,0.0169143,-0.132111,-0.0235847
2.76,-0.0190996,-0.00681501,-0.0019678,-0.137842,-0.0228915
2.77,-0.0186419,-0.00487418,-0.0125445,-0.12873,-0.0246703
2.78,-0.0134539,-0.00562329,-0.0269237,-0.119509,-0.0266576
2.79,-0.00820385,0.00657569,-0.0385473,-0.0994674,-0.0213742
2.8,0.00119749,0.00311832,-0.0534401,-0.0829756,-0.030068
2.81,0.00734461,0.00788038,-0.0635889,-0.0722507,-0.0365034
2.82,0.0204369,0.0102622,-0.064421,-0.0459015,-0.0380358
2.83,0.0288077,0.0176983,-0.0578305,-0.0253066,-0.0262283
2.84,0.0293145,0.0296022,-0.0573567,-0.0222846,-0.0293072
2.85,0.0312207,0.0247751,-0.0593104,-0.00767633,-0.0186378
2.86,0.0317814,0.0256434,-0.0548989,0.00187979,-0.0100695
2.87,0.032165,0.0375589,-0.0544682,0.0105909,-0.0138152
2.88,0.0270185,0.0434521,-0.0382557,0.0213072,-0.00551759
2.89,0.0294842,0.0481294,-0.037477,0.0172145,-0.00767758
2.9,0.0269952,0.0479958,-0.0336971,0.0203693,-0.00519454
2.91,0.0277867,0.0422419,-0.0266164,0.0197692,-0.00854534
2.92,0.0305276,0.0401289,-0.0203073,0.0158989,-0.00409328
2.93,0.031295,0.0428238,-0.0129974,0.0183946,-0.00647489
2.94,0.0317537,0.0441465,-0.00775571,0.0170345,-0.0125231
2.95,0.0301811,0.0429056,-0.0109182,0.0155154,-0.000392043
2.96,0.0286408,0.0434878,-0.00618025,0.0120924,0.00476911
2.97,0.0251314,0.0464395,-0.00121761,0.00766603,0.00303164
2.98,0.0263514,0.0513159,0.00159617,0.00249694,-0.00347649
2.99,0.0265844,0.0538697,0.00603612,-0.000298821,-0.00123089
3,0.0266852,0.0632857,0.0101126,-0.00322348,-0.00284418
3.01,0.0248886,0.0558422,0.0135069,-0.00578248,-0.00296514
3.02,0.0246676,0.0478652,0.0137695,-0.00948967,-0.0034052
3.03,0.0214186,0.0435204,0.0175309,-0.013477,-0.00371033
3.04,0.0153948,0.0458165,0.0131088,-0.0197867,-0.00728099
3.05,0.0135865,0.0359404,0.0109425,-0.0305936,-0.0154176
3.06,0.0111233,0.032431,0.00951276,-0.0371471,-0.0169293
3.07,0.011483,0.0263496,0.0121923,-0.0417815,-0.0205179
3.08,0.00695753,0.0176229,0.0176403,-0.0427246,-0.0193948
3.09,0.00147625,0.00713944,0.0287828,-0.0432708,-0.0218315
3.1,-0.000392044,-0.00341003,0.0303109,-0.0452832,-0.0236084
3.11,0.000911852,-0.0104476,0.0225615,-0.0472895,-0.0261432
3.12,0.00979914,-0.0124217,0.0142697,-0.0522381,-0.0289341
3.13,0.0172177,-0.00962332,-0.00473959,-0.0565283,-0.0326551
3.14,0.0231351,-0.00220008,-0.0229448,-0.0589745,-0.0347999
3.15,0.0280474,0.00721326,-0.043614,-0.0612957,-0.0351717
3.16,0.0394911,0.0231078,-0.0729648,-0.0621043,-0.0338873
3.17,0.0363225,0.0400153,-0.096104,-0.0666431,-0.0295928
3.18,0.031948,0.0528053,-0.102294,-0.0677961,-0.0277832
3.19,0.0329488,0.0630881,-0.114484,-0.0735553,-0.0286026
3.2,0.0293201,0.0712562,-0.110398,-0.0760477,-0.0289693
3.21,0.0261053,0.0794142,-0.111088,-0.0814709,-0.0279046
3.22,0.021926,0.0728359,-0.0994944,-0.0876518,-0.0258681
3.23,0.0234468,0.0620842,-0.0987829,-0.0944088,-0.0221249
3.24,0.0221848,0.0497111,-0.102069,-0.0948678,-0.0211808
3.25,0.019943,0.045046,-0.107694,-0.0976903,-0.0204081
3.26,0.019034,0.0450182,-0.0984097,-0.0963811,-0.023045
3.27,0.0181217,0.0322415,-0.0958458,-0.100566,-0.0203444
3.28,0.0189142,0.0258567,-0.0996778,-0.102268,-0.0174549
3.29,0.0173735,0.0153873,-0.106016,-0.103876,-0.0138441
3.3,0.0162736,0.0065645,-0.110674,-0.102275,-0.010868
3.31,0.0156719,0.00696986,-0.12371,-0.105365,-0.00746091
3.32,0.0147803,0.0067688,-0.134312,-0.105173,-0.00284059
3.33,0.0140714,0.00807873,-0.145044,-0.102087,0.000845422
3.34,0.0127435,0.0072582,-0.157383,-0.0983053,0.00590711
3.35,0.0132026,0.00873513,-0.166491,-0.0946241,0.0114057
3.36,0.0135713,0.00728077,-0.176838,-0.0884971,0.0158804
3.37,0.0137672,0.0166515,-0.185946,-0.079121,0.0206374
3.38,0.0151526,0.0141497,-0.191854,-0.0711655,0.0257342
3.39,0.0156156,0.0241688,-0.190007,-0.0648561,0.0285788
3.4,0.0160864,0.033937,-0.189593,-0.0618065,0.0299979
3.41,0.0175788,0.0443872,-0.183273,-0.0559016,0.0294435
3.42,0.0212368,0.0511143,-0.176684,-0.0555512,0.0313229
3.43,0.0256473,0.057143,-0.157102,-0.0525026,0.0234719
3.44,0.0291928,0.0603103,-0.14013,-0.0528172,0.0171577
3.45,0.0337267,0.0620517,-0.112681,-0.0594395,0.0031819
3.46,0.0401597,0.0704683,-0.101465,-0.0586209,-0.00813529
3.47,0.0473401,0.0707611,-0.0678531,-0.0583981,-0.0272861
3.48,0.050328,0.0718347,-0.0332887,-0.0545157,-0.0384462
3.49,0.0510669,0.0701241,-0.0242742,-0.0378278,-0.0379775
3.5,0.0513081,0.063455,-0.0112526,-0.0391097,-0.0357881
3.51,0.0501252,0.0613072,0.0102739,-0.0410183,-0.0401362
3.52,0.0435013,0.0660053,0.0186291,-0.0461944,-0.034598
3.53,0.0461694,0.0576178,0.021616,-0.0485858,-0.0359025
3.54,0.0349897,0.0626531,0.0235139,-0.0534256,-0.0303024
3.55,0.028964,0.0801459,0.026545,-0.0540655,-0.0274133
3.56,0.0350556,0.0808006,0.0236,-0.0448729,-0.0231612
3.57,0.0366779,0.0805137,0.022697,-0.0439247,-0.0196144
3.58,0.0343433,0.0831013,0.0190041,-0.0468124,-0.0204636
3.59,0.0391995,0.0759861,0.0101427,-0.046228,-0.0215745
3.6,0.0346322,0.0736287,0.0107349,-0.0475244,-0.022633
3.61,0.0343671,0.0707443,0.0138493,-0.0471313,-0.0205266
3.62,0.0341518,0.0679114,0.0101221,-0.044456,-0.0222695
3.63,0.0306975,0.067873,0.0154701,-0.0426649,-0.0234331
3.64,0.0306043,0.0663032,0.0148698,-0.037711,-0.0198195
3.65,0.0276259,0.0608371,0.0231675,-0.0398162,-0.0187235
3.66,0.0260375,0.0531038,0.0278428,-0.0371819,-0.0169547
3.67,0.0240742,0.0450147,0.0257299,-0.0335395,-0.0160787
3.68,0.0221941,0.0447728,0.0311971,-0.0307327,-0.0147259
3.69,0.0180982,0.0392164,0.0316459,-0.0241784,-0.0109162
3.7,0.0153688,0.0321668,0.027803,-0.0186651,-0.0085786
3.71,0.0120553,0.0292457,0.0281085,-0.0172411,-0.00772753
3.72,0.0103257,0.0277523,0.0289448,-0.0212013,-0.00737238
3.73,0.0102145,0.0271535,0.0327286,-0.0229036,-0.00737739
3.74,0.0113677,0.0330281,0.0310283,-0.0292914,-0.00745698
3.75,0.0141072,0.0417201,0.036686,-0.0435367,-0.00936362
3.76,0.0182838,0.050243,0.0220248,-0.048094,-0.0141149
3.77,0.0288732,0.0554156,0.0245506,-0.0498496,-0.0171901
3.78,0.0293143,0.061868,0.0405847,-0.0508201,-0.0267912
3.79,0.0252122,0.0732086,0.0188105,-0.0567016,-0.0379643
3.8,0.0250463,0.08516,0.0305939,-0.0531108,-0.0438802
3.81,0.0233749,0.0865951,0.0460149,-0.0621745,-0.0403039
3.82,0.0261762,0.0852859,0.0532115,-0.0746729,-0.0297286
3.83,0.0247451,0.0837345,0.0382731,-0.0796559,-0.0239741
3.84,0.0263181,0.0851153,0.0242547,-0.0791414,-0.0283188
3.85,0.023846,0.0848251,0.0165013,-0.0791844,-0.0224075
3.86,0.0293076,0.0829204,0.0179989,-0.0723846,-0.0218076
3.87,0.028782,0.0846704,0.0188094,-0.071233,-0.0185699
3.88,0.0283083,0.0854963,0.0235251,-0.0699935,-0.0200187
3.89,0.0274081,0.0823675,0.0132238,-0.0720518,-0.0207279
3.9,0.0284305,0.0796442,0.00617303,-0.069088,-0.0188418
3.91,0.0295267,0.0812095,0.00905539,-0.0616019,-0.0154983
3.92,0.0281084,0.0832504,0.00366747,-0.0623523,-0.0144944
3.93,0.0264,0.0815984,0.0063827,-0.0554906,-0.0135016
3.94,0.0265464,0.0865714,0.0144328,-0.0540762,-0.0124698
3.95,0.0251532,0.0866693,0.00868109,-0.0513269,-0.0111477
3.96,0.0241532,0.0898445,0.0131408,-0.05017,-0.00904443
3.97,0.0221493,0.0928444,0.0139537,-0.0490611,-0.00645108
3.98,0.0219168,0.0949917,0.0150222,-0.0471377,-0.00431668
3.99,0.0190818,0.095986,0.0131095,-0.0464143,-0.00122082
4,0.0162169,0.09916,0.011326,-0.0435326,0.00129416
4.01,0.0123511,0.0994929,0.0101144,-0.0403158,0.00458253
4.02,0.00869113,0.100382,0.00502291,-0.0378396,0.00829058
4.03,0.00452971,0.10138,0.0115992,-0.0370818,0.0123015
4.04,0.00215223,0.102816,0.00239342,-0.035631,0.0149576
4.05,-0.000251215,0.103545,-0.00719068,-0.0391358,0.0176136
4.06,-0.000241366,0.102664,-0.0100582,-0.0425097,0.018821
4.07,-0.00343828,0.106155,0.000121048,-0.0488516,0.0154185
4.08,0.0087841,0.108323,-0.00572417,-0.0421763,0.0152015
4.09,0.00746278,0.0999355,0.00780214,-0.0470561,0.00891284
4.1,0.00883402,0.0998597,0.00693978,-0.0464737,-0.000749464
4.11,0.011798,0.0769612,0.0064329,-0.043667,-0.014104
4.12,0.0178106,0.0697326,0.00453909,-0.0439588,-0.0136993
4.13,0.0290795,0.0617759,-0.00259656,-0.0515389,-0.0173484
4.14,0.0368715,0.0361892,0.00365745,-0.0437708,-0.0350813
4.15,0.0364379,0.0202498,0.000438956,-0.047594,-0.0387179
4.16,0.0366315,0.0245027,0.00403192,-0.0420521,-0.0360749
4.17,0.0383268,0.0173345,-0.00241678,-0.0449228,-0.0427174
4.18,0.041323,0.0214529,-0.00466916,-0.0502372,-0.0421083
4.19,0.0355906,0.0170259,-0.00738787,-0.0583552,-0.0364156
4.2,0.0313557,0.00919516,-0.000623471,-0.0606813,-0.0302137
4.21,0.0302412,0.0160678,-0.00297341,-0.0547634,-0.023163
4.22,0.0238062,0.0132481,-0.00757789,-0.0463425,-0.021108
4.23,0.0119759,0.029499,-0.00734814,-0.0467627,-0.0162788
4.24,0.0123901,0.0196496,-0.00594542,-0.050671,-0.0204222
4.25,0.00884056,0.0193002,-0.00692889,-0.0491356,-0.0221729
4.26,0.00570677,0.0222855,-0.0143183,-0.0477503,-0.0219368
4.27,0.00831407,0.0223156,-0.0104912,-0.0486416,-0.0238911
4.28,0.00700972,0.0209722,-0.0122489,-0.0437534,-0.0238148
4.29,0.0100234,0.0287378,-0.0060622,-0.0501889,-0.0221774
4.3,0.0112206,0.0262865,-0.00607086,-0.0495774,-0.0206135
4.31,0.0127745,0.0191685,-0.0041069,-0.0491757,-0.0230152
4.32,0.0125427,0.016547,-0.0019204,-0.0464566,-0.0219461
4.33,0.00950377,0.0107763,0.00258919,-0.0443228,-0.0227626
4.34,0.00761767,0.00649799,0.00161714,-0.0430594,-0.0212027
4.35,0.00497818,-0.000490902,0.00738605,-0.0361546,-0.0209707
4.36,0.00452538,-0.00434399,0.0127537,-0.0317002,-0.0219099
4.37,0.00417344,-0.00763562,0.0185502,-0.028167,-0.0223841
4.38,0.00233638,-0.0172066,0.0294623,-0.0230651,-0.0213557
4.39,0.00202098,-0.0231887,0.0357896,-0.0170544,-0.0219615
4.4,0.00453696,-0.0271878,0.0396349,-0.0138319,-0.0252182
4.41,0.0116991,-0.024194,0.0394704,-0.0161827,-0.0296921
4.42,0.0204832,-0.0133424,0.0390304,-0.0275812,-0.029192
4.43,0.0232169,0.00220802,0.0126615,-0.0422989,-0.0233412
4.44,0.0202674,0.021769,0.00280508,-0.0507694,-0.023889
4.45,0.0207044,0.0480972,-0.0281494,-0.0575409,-0.0238632
4.46,0.0243204,0.0635391,-0.044711,-0.0713047,-0.0243912
4.47,0.0256055,0.0779022,-0.0468023,-0.0860972,-0.0276637
4.48,0.0276049,0.0774813,-0.0595855,-0.0927563,-0.0285247
4.49,0.0267796,0.0762137,-0.069378,-0.092172,-0.0326403
4.5,0.0273332,0.0842283,-0.0687205,-0.0990448,-0.0331545
4.51,0.0249223,0.0793494,-0.0695787,-0.0998483,-0.0326662
4.52,0.0263971,0.0768153,-0.0676261,-0.101026,-0.0271548
4.53,0.0251632,0.071824,-0.0476554,-0.107112,-0.0301593
4.54,0.0254212,0.0682474,-0.0514622,-0.102705,-0.0345293
4.55,0.0219633,0.060791,-0.0478774,-0.103164,-0.03762
4.56,0.0193357,0.052338,-0.0451832,-0.0987482,-0.0376551
4.57,0.0174975,0.0446764,-0.0429043,-0.10005,-0.0345342
4.58,0.0134473,0.0447762,-0.0419231,-0.0998534,-0.0315907
4.59,0.0135745,0.0464378,-0.0410285,-0.0964696,-0.0300836
4.6,0.0150642,0.0489878,-0.0440476,-0.0964702,-0.0288215
4.61,0.0147841,0.0477272,-0.0475968,-0.101186,-0.0272312
4.62,0.0155096,0.0560977,-0.0471336,-0.105977,-0.0255879
4.63,0.0171478,0.0595302,-0.0525091,-0.109022,-0.0223975
4.64,0.017342,0.0653821,-0.0580315,-0.113054,-0.0182659
4.65,0.0172711,0.0730465,-0.0677685,-0.113496,-0.0150733
4.66,0.0166305,0.0847118,-0.0696751,-0.116099,-0.0126247
4.67,0.0163429,0.0915232,-0.0721733,-0.117137,-0.00876243
4.68,0.0147033,0.101184,-0.072419,-0.115823,-0.003697
4.69,0.0120834,0.113236,-0.0659413,-0.112654,0.00142795
4.7,0.00864459,0.121108,-0.054897,-0.105685,0.00508927
4.71,0.00555216,0.127719,-0.0432076,-0.0973373,0.00573552
4.72,0.00205133,0.136898,-0.0297056,-0.0947708,0.00718343
4.73,-0.000326265,0.139919,-0.00928249,-0.0885864,0.0032693
4.74,-0.000125229,0.146226,0.0118882,-0.0877497,-0.00362811
4.75,-0.000597037,0.138335,0.0234433,-0.0784883,-0.00893415
4.76,-0.00137166,0.125914,0.0353007,-0.0781755,-0.0100962
4.77,0.00151017,0.109022,0.0383141,-0.0615485,-0.0132291
4.78,0.00549981,0.0911509,0.0433841,-0.0458001,-0.0188293
4.79,0.0138409,0.0729972,0.0464498,-0.0229026,-0.0249466
4.8,0.0180432,0.0595045,0.053865,-0.0329287,-0.0214991
4.81,0.010997,0.0503422,0.054916,-0.0092024,-0.0306444
4.82,0.0356719,0.0289155,0.0606991,0.00487322,-0.027939
4.83,0.0263753,0.00990012,0.0514899,-0.00133368,-0.0333543
4.84,0.0325014,0.00828296,0.048373,-0.000767825,-0.0256834
4.85,0.0237968,0.000670344,0.0492143,0.00115792,-0.0304528
4.86,0.0211948,-0.00462972,0.0463992,-0.00198284,-0.0294782
4.87,0.0183701,-0.00610808,0.0463786,-0.0132966,-0.0278261
4.88,0.017712,-0.0077218,0.0347897,-0.0124735,-0.033392
4.89,0.0182415,-0.0157264,0.0302371,-0.0162575,-0.0254368
4.9,0.0103395,-0.00946638,0.0363965,-0.00706979,-0.0223197
4.91,0.0127605,-0.0139757,0.0317538,-0.00344161,-0.0223006
4.92,0.0121309,-0.00747752,0.0271941,-0.0106654,-0.0166554
4.93,0.00937933,-0.00694278,0.0225816,-0.0110967,-0.0186541
4.94,0.0101727,-0.00452164,0.0195587,-0.0153859,-0.0217202
4.95,0.0083992,-0.00261607,0.0195499,-0.0181459,-0.0218241
4.96,0.00545762,0.000776961,0.0200709,-0.0204891,-0.0197511
4.97,0.00471853,0.00725297,0.0211068,-0.0275143,-0.0199549
4.98,0.00386297,0.0110099,0.0184509,-0.03034,-0.0191178
4.99,0.00419323,0.0122034,0.0182969,-0.0358662,-0.0180497
5,0.00735453,0.0175364,0.0178601,-0.0380034,-0.0154681
5.01,0.0128595,0.0292439,0.0170034,-0.040872,-0.0147649
5.02,0.0146319,0.0383646,0.0194387,-0.0394538,-0.0133641
5.03,0.0229379,0.0483329,0.0189444,-0.0431488,-0.0137942
5.04,0.0252427,0.0532346,0.0215592,-0.0462241,-0.00749177
5.05,0.0278763,0.0564072,0.0209598,-0.0487232,-0.00489304
5.06,0.0267907,0.0626836,0.0205469,-0.0459416,-0.001483
5.07,0.0289242,0.0667946,0.0181107,-0.0456254,-0.000181177
5.08,0.0280633,0.0700245,0.0143406,-0.033321,-0.00105121
5.09,0.0304326,0.0699797,0.0103674,-0.0201996,-0.000621236
5.1,0.0349622,0.0718915,0.0194816,-0.00662472,-6.83862e-05
5.11,0.0383116,0.0732743,0.0304189,-0.00641468,-0.00229886
5.12,0.0405561,0.0711194,0.0378147,-0.00107572,-0.00666648
5.13,0.0414181,0.0739656,0.0470958,0.00848264,-0.0134697
5.14,0.0446517,0.0797868,0.0594373,0.0337154,-0.015
5.15,0.0502136,0.0818511,0.076426,0.0533412,-0.0284543
5.16,0.0551673,0.0886805,0.0845303,0.0634491,-0.0354318
5.17,0.0564083,0.0966753,0.096576,0.0530845,-0.0421996
5.18,0.0607034,0.0982293,0.103193,0.0499406,-0.0418616
5.19,0.0639798,0.0996405,0.115453,0.0468933,-0.0330065
5.2,0.0653775,0.103872,0.116149,0.0280113,-0.0259571
5.21,0.0676429,0.108448,0.122708,0.027701,-0.0160009
5.22,0.0688679,0.107142,0.120151,0.0210316,-0.00784859
5.23,0.0693667,0.108195,0.119103,0.018552,-0.00647959
5.24,0.0675006,0.109456,0.118257,0.0154084,-0.00376773
5.25,0.0620135,0.105387,0.114844,0.0111874,-0.00018963
5.26,0.0587917,0.101374,0.110985,0.0157397,0.000190944
5.27,0.0493546,0.09605,0.109726,0.0172382,-0.000226689
5.28,0.040815,0.0863445,0.108665,0.0188563,0.000266528
5.29,0.0315059,0.0751839,0.106247,0.019461,0.000858709
5.3,0.0200504,0.0659504,0.107679,0.0209731,0.00212653
5.31,0.0105157,0.0542823,0.11293,0.024283,0.00264067
5.32,0.00770437,0.0437923,0.115274,0.0277284,0.003232
5.33,0.00122808,0.0284855,0.119784,0.0263447,0.0045087
5.34,-0.00958647,0.0157593,0.120322,0.0288344,0.00516859
5.35,-0.00954252,-0.000259157,0.120766,0.0306606,0.00605021
5.36,-0.00678314,-0.0131454,0.12144,0.0300531,0.00688021
5.37,-0.00256289,-0.0278213,0.122421,0.0309628,0.00897335
5.38,-0.010992,-0.0407111,0.121407,0.0310709,0.0111815
5.39,-0.0118398,-0.0496162,0.116792,0.0330066,0.010917
5.4,-0.0145517,-0.0548325,0.116214,0.0296901,0.0108046
5.41,-0.00532773,-0.0565367,0.0951683,0.018707,0.0071753
5.42,-0.00136827,-0.055928,0.0951389,0.0125614,0.00523905
5.43,-0.00353865,-0.0463744,0.0806811,0.00785415,0.00316806
5.44,-0.00380061,-0.0414033,0.0599659,0.00269805,-0.0053529
5.45,-0.00799532,-0.0114623,0.0480219,-0.00455817,-0.0136564
5.46,0.000682071,-0.00573877,0.0248027,-0.00609837,-0.0193254
5.47,-0.00462392,0.0144911,0.0299166,-0.0129495,-0.022889
5.48,-0.00532983,0.0155593,0.0188209,-0.0137859,-0.032846
5.49,-0.000516632,0.00766639,0.00972918,-0.0164969,-0.0381204
5.5,-9.75337e-05,0.00741287,0.0197419,-0.0280924,-0.0406144
5.51,-0.00594625,0.0113813,0.0222239,-0.0310219,-0.0341315
5.52,-0.00807418,-5.10885e-05,0.0223021,-0.0290583,-0.0328221
5.53,-0.00751099,-0.00440111,0.0351921,-0.0321748,-0.0230851
5.54,-0.00928238,-0.0129722,0.0311012,-0.0288886,-0.0213427
5.55,-0.0132723,-0.0156804,0.0231069,-0.0309819,-0.0190562
5.56,-0.010173,-0.0179637,0.0140998,-0.0288184,-0.0176316
5.57,-0.0101272,-0.0212779,0.00692527,-0.0253155,-0.0137054
5.58,-0.00870624,-0.0227848,0.000625006,-0.034493,-0.0166861
5.59,-0.00942506,-0.0270421,-0.00411059,-0.0343742,-0.017975
5.6,-0.00709301,-0.0304285,-0.01572,-0.0391593,-0.0182101
5.61,-0.0065539,-0.0350806,-0.0212,-0.0399132,-0.0172014
5.62,-0.00824509,-0.0381607,-0.0306279,-0.0380098,-0.0170422
5.63,-0.00994795,-0.0457694,-0.0382221,-0.0355265,-0.0154341
5.64,-0.0146597,-0.047336,-0.0412696,-0.0318787,-0.0165724
5.65,-0.0177866,-0.0530289,-0.0472912,-0.029441,-0.0178892
5.66,-0.021805,-0.0590725,-0.0535397,-0.0279736,-0.018835
5.67,-0.0237686,-0.0638658,-0.0591988,-0.0287506,-0.0157708
5.68,-0.0261318,-0.0694233,-0.065663,-0.0260603,-0.0143125
5.69,-0.0286325,-0.0819661,-0.0765474,-0.0213544,-0.0145253
5.7,-0.0333435,-0.092798,-0.0817371,-0.0212094,-0.0153122
5.71,-0.034617,-0.1001,-0.087472,-0.022075,-0.0155863
5.72,-0.0380955,-0.109109,-0.0952468,-0.022249,-0.01444
5.73,-0.0397224,-0.111678,-0.0822158,-0.0253479,-0.014203
5.74,-0.040618,-0.113573,-0.0663794,-0.0339339,-0.0168775
5.75,-0.0397804,-0.108923,-0.0758602,-0.0321432,-0.0153155
5.76,-0.0363679,-0.105352,-0.0916091,-0.0287086,-0.019183
5.77,-0.0336917,-0.0969363,-0.105225,-0.0351605,-0.0225224
5.78,-0.0322957,-0.088536,-0.103531,-0.0385209,-0.0178437
5.79,-0.0226959,-0.0848018,-0.103417,-0.0493115,-0.0200914
5.8,-0.0163427,-0.075976,-0.10465,-0.0603785,-0.0217239
5.81,-0.014082,-0.060239,-0.107996,-0.0771907,-0.0236394
5.82,-0.0125136,-0.0602952,-0.109617,-0.0716605,-0.0237624
5.83,-0.00825982,-0.0537192,-0.110058,-0.0735936,-0.0278684
5.84,0.00189654,-0.0388778,-0.113902,-0.0816075,-0.0300893
5.85,-0.000130086,-0.0244341,-0.0999355,-0.0913851,-0.0276871
5.86,0.0030968,-0.0106491,-0.0951615,-0.0948028,-0.0271851
5.87,0.0121904,-0.00686452,-0.0994688,-0.101234,-0.0315303
5.88,0.0140839,-0.00739978,-0.0971708,-0.107552,-0.0371111
5.89,0.0173196,-0.00488552,-0.0964991,-0.1102,-0.0376091
5.9,0.0205053,0.00479117,-0.0974214,-0.113618,-0.0375159
5.91,0.0189698,0.00950793,-0.0985198,-0.117963,-0.0371176
5.92,0.0186711,0.0184078,-0.101243,-0.123823,-0.0402433
5.93,0.0192767,0.0253135,-0.10597,-0.124553,-0.0422832
5.94,0.0205834,0.0220102,-0.110002,-0.123254,-0.0400392
5.95,0.0209738,0.018249,-0.115643,-0.121429,-0.0385517
5.96,0.0208086,0.0160978,-0.117172,-0.121017,-0.0376408
5.97,0.0228548,0.0273742,-0.125788,-0.124765,-0.036376
5.98,0.0238808,0.0379044,-0.132495,-0.124268,-0.0354001
5.99,0.0288624,0.0518969,-0.139977,-0.127727,-0.0348409
6,0.0352808,0.069185,-0.147686,-0.136167,-0.0340368
6.01,0.0441619,0.0865499,-0.157254,-0.144102,-0.0363856
6.02,0.0488847,0.102204,-0.130962,-0.157228,-0.044169
6.03,0.0442023,0.11511,-0.12002,-0.169531,-0.0516417
6.04,0.0419337,0.1271,-0.0915022,-0.177399,-0.0542043
6.05,0.0420218,0.123973,-0.0634567,-0.191489,-0.0575564
6.06,0.0348661,0.106154,-0.0209845,-0.174246,-0.0445171
6.07,0.035258,0.0924298,-0.00213098,-0.152893,-0.0390164
6.08,0.0301049,0.0798199,0.0195447,-0.115999,-0.0288353
6.09,0.0234312,0.0624417,0.0221407,-0.0796917,-0.022925
6.1,0.0158142,0.0447285,0.00485357,-0.0468525,-0.0143423
6.11,0.0114227,0.033406,0.0089007,-0.0265405,-0.00763979
6.12,0.00934586,0.0269629,0.00756956,-0.0123131,-0.00455033
6.13,0.00937775,0.0266103,0.00620035,-0.00643713,-0.00342779
6.14,0.014426,0.025242,0.0119357,-0.00450808,-0.00404694
6.15,0.0154541,0.0275591,0.012131,-0.00354657,-0.00630986
6.16,0.0158294,0.0279158,0.0144358,-0.00336447,-0.00783511
6.17,0.013634,0.0262809,0.0175612,-0.00528145,-0.00981702
6.18,0.0135625,0.0311052,0.0150775,-0.00861042,-0.0100763
6.19,0.0125013,0.0322454,0.013154,-0.00677936,-0.0127534
6.2,0.0129507,0.0317061,0.0127404,-0.0115718,-0.0141868
6.21,0.0132357,0.0312994,0.00997243,-0.0151597,-0.0139133
6.22,0.0137547,0.0323211,0.00935509,-0.0185188,-0.0160537
6.23,0.0135295,0.0353747,0.0125295,-0.0232583,-0.0153464
6.24,0.012846,0.0367305,0.0140661,-0.0213104,-0.0143043
6.25,0.0115623,0.0373735,0.0146596,-0.0222138,-0.0135856
6.26,0.010436,0.0386861,0.0159033,-0.0238565,-0.0129211
6.27,0.0084277,0.0400907,0.018536,-0.0245146,-0.0127742
6.28,0.00643111,0.0419983,0.0191935,-0.0245996,-0.0107512
6.29,0.0035217,0.0429288,0.0196535,-0.0254436,-0.0097035
6.3,0.000338045,0.0436917,0.0197565,-0.0289847,-0.00803431
6.31,-0.00231779,0.0442572,0.018189,-0.0318768,-0.00701073
6.32,-0.00444855,0.0442392,0.0167977,-0.0362568,-0.00668372
6.33,-0.00188488,0.0437241,0.0157363,-0.037624,-0.00604464
6.34,-0.00496796,0.0436053,0.0144151,-0.0382579,-0.00598669
6.35,0.000199848,0.0437273,0.01289,-0.0374361,-0.00640083
6.36,0.0083488,0.0428825,0.0159882,-0.0390233,-0.0102208
6.37,-0.000772851,0.0413236,0.00582557,-0.0367537,-0.00633863
6.38,0.0045509,0.0404156,0.0050195,-0.0304135,-0.00852879
6.39,0.0149174,0.0326034,0.00231231,-0.0258266,-0.0116611
6.4,0.0104059,0.0175356,-0.0012265,-0.0298753,-0.0201039
6.41,0.00926239,0.0145789,0.00461875,-0.00766711,-0.0147396
6.42,0.00695826,-0.00174498,0.0100687,-0.010459,-0.019105
6.43,0.00972543,-0.00863159,-0.00753352,-0.00352575,-0.0165345
6.44,0.0189042,-0.00587018,-0.0104815,-0.00558803,-0.0174062
6.45,0.0194033,-0.013769,-0.00389095,0.00646535,-0.0225554
6.46,0.00528125,0.00291918,0.00190319,0.00132145,-0.0202341
6.47,-0.00249278,0.000975714,0.00597719,-0.000466317,-0.0057682
6.48,-0.00358381,0.000692857,-0.00288553,0.00555534,-0.0121009
6.49,-0.0146079,-0.00615627,0.000804549,0.00375495,-0.00803483
6.5,-0.00199771,-0.0190149,-0.00674389,0.00688899,-0.0126709
6.51,-0.00456301,-0.0153974,-0.00268852,-0.00433436,-0.00693417
6.52,-0.00631108,-0.0111682,-0.00852808,-0.00206081,-0.00898771
6.53,-0.00542041,-0.0153532,-0.00982004,-0.00571691,-0.00448718
6.54,-0.00609571,-0.0146607,-0.00531841,-0.00980308,-0.00295886
6.55,-0.00933429,-0.0154865,-0.00948915,-0.00589433,-0.00405107
6.56,-0.0108862,-0.0125594,-0.00928593,-0.0124635,-0.00944871
6.57,-0.0102786,-0.00965254,-0.00968823,-0.0130904,-0.00623255
6.58,-0.00648095,-0.00708769,-0.012479,-0.0187533,-0.00838492
6.59,-0.00230638,-0.00516427,-0.0142702,-0.0204506,-0.0117697
6.6,-0.00119819,-0.00523522,-0.016597,-0.0245468,-0.0115946
6.61,0.00179103,-0.00603402,-0.0212165,-0.0265853,-0.0140982
6.62,0.00235527,-0.00875374,-0.0228683,-0.0280133,-0.0146625
6.63,0.00547218,-0.00640897,-0.0244509,-0.0333688,-0.0146137
6.64,0.00677252,-0.00465912,-0.0263118,-0.034588,-0.0147268
6.65,0.0059286,-0.00283957,-0.0229752,-0.0370642,-0.0143515
6.66,0.00447179,4.82828e-05,-0.0220489,-0.0386243,-0.0187165
6.67,0.00352577,0.000997696,-0.0212039,-0.0401023,-0.0202309
6.68,0.0018067,-0.00100124,-0.0158152,-0.0404896,-0.0213142
6.69,-0.000199214,-9.71065e-05,-0.010752,-0.0405218,-0.0218253
6.7,-0.00183069,0.00128059,-0.00486414,-0.0376578,-0.0211989
6.71,-0.00696974,9.58533e-05,-0.000151653,-0.0391868,-0.0212618
6.72,-0.012637,-0.0029648,0.00374954,-0.040371,-0.0228848
6.73,-0.0173154,-0.00802782,0.00765796,-0.0415245,-0.02429
6.74,-0.0208932,-0.0126097,0.0105092,-0.0448074,-0.0277068
6.75,-0.0239605,-0.0121545,0.0148382,-0.0502611,-0.0346203
6.76,-0.0258629,-0.0164976,0.0157631,-0.0609891,-0.0332274
6.77,-0.0261104,-0.0161826,0.0124822,-0.0760735,-0.0279929
6.78,-0.0125641,-0.0166139,-0.00843391,-0.0833314,-0.0328642
6.79,-0.0137657,-0.0124861,-0.0527887,-0.092159,-0.0334975
6.8,-0.00463379,-0.0254213,-0.0789404,-0.094588,-0.0374111
6.81,-0.00896825,-0.0383389,-0.101264,-0.0992183,-0.0352406
6.82,-0.0173318,-0.0469142,-0.127213,-0.099431,-0.0348111
6.83,-0.0158328,-0.0654038,-0.139759,-0.107001,-0.0374512
6.84,-0.0166576,-0.0849658,-0.161173,-0.111572,-0.0397042
6.85,-0.0321386,-0.0982532,-0.16742,-0.113493,-0.0407678
6.86,-0.0207971,-0.0982087,-0.174638,-0.1205,-0.0431018
6.87,-0.0323505,-0.0965106,-0.186023,-0.132691,-0.0465931
6.88,-0.0301255,-0.110892,-0.190706,-0.137798,-0.0477118
6.89,-0.0288795,-0.103562,-0.198585,-0.144639,-0.049916
6.9,-0.0279868,-0.11506,-0.188486,-0.146592,-0.0488192
6.91,-0.022813,-0.104426,-0.188705,-0.151365,-0.0490997
6.92,-0.0196419,-0.0998897,-0.189038,-0.156855,-0.0496662
6.93,-0.0064367,-0.08148,-0.193802,-0.162245,-0.049157
6.94,-0.00162206,-0.0673765,-0.191804,-0.166555,-0.0492623
6.95,0.00467482,-0.054281,-0.187194,-0.166961,-0.046625
6.96,0.00669623,-0.0454874,-0.176316,-0.163338,-0.0449291
6.97,0.0104396,-0.0424199,-0.169768,-0.15843,-0.0444589
6.98,0.0154059,-0.036619,-0.158252,-0.15592,-0.0478567
6.99,0.017893,-0.0337045,-0.148826,-0.152184,-0.0481545
7,0.0196481,-0.0289547,-0.139638,-0.146791,-0.0456226
7.01,0.0242174,-0.0207112,-0.133798,-0.142246,-0.0437246
7.02,0.0280654,-0.0142093,-0.134094,-0.138696,-0.0454096
7.03,0.0285157,0.00131425,-0.129062,-0.138319,-0.0458661
7.04,0.0277324,0.0113744,-0.131207,-0.139012,-0.0472472
7.05,0.0240786,0.0223923,-0.129939,-0.140687,-0.047959
7.06,0.0228402,0.0310214,-0.11971,-0.145902,-0.0516794
7.07,0.0183923,0.0505148,-0.107194,-0.14921,-0.0588359
7.08,0.0178185,0.0607155,-0.0747119,-0.1489,-0.0624486
7.09,0.0129068,0.0583804,-0.0583464,-0.13358,-0.0661427
7.1,0.0100495,0.058381,-0.0358122,-0.110195,-0.0607422
7.11,0.00624154,0.057617,-0.0187194,-0.088195,-0.0541464
7.12,0.008897,0.0558413,-0.0100154,-0.090066,-0.0399578
7.13,0.0113281,0.0496151,-0.0130505,-0.0794614,-0.0388003
7.14,0.00918188,0.0470683,-0.00146157,-0.0673318,-0.0385918
7.15,0.00836407,0.0455093,0.0132683,-0.0628288,-0.0327714
7.16,0.00891307,0.0422813,0.0110073,-0.0558223,-0.0293367
7.17,0.00824116,0.0393052,0.0235353,-0.0486976,-0.0256953
7.18,0.00986493,0.0423241,0.0247685,-0.0442891,-0.0241881
7.19,0.0103344,0.0467346,0.033422,-0.0346353,-0.0215275
7.2,0.0104761,0.0481461,0.0413676,-0.0294192,-0.0199231
7.21,0.00875789,0.0534208,0.0477228,-0.0250324,-0.0159155
7.22,0.00689167,0.0570999,0.0585384,-0.0167038,-0.0134649
7.23,0.00456131,0.0584913,0.0657926,-0.010989,-0.00902423
7.24,0.00223858,0.0585133,0.0737214,-0.00644562,-0.007788
7.25,-0.000629754,0.0573812,0.0774643,-0.00216784,-0.00447702
7.26,-0.0039095,0.0554179,0.0831403,0.00557031,-0.00101545
7.27,-0.00766196,0.0516198,0.0894157,0.00750143,0.00299304
7.28,-0.0112654,0.045542,0.0933847,0.0134017,0.0066891
7.29,-0.0147455,0.0392846,0.0935787,0.0154917,0.00944805
7.3,-0.0179326,0.0327538,0.0966846,0.0202854,0.012738
7.31,-0.0208535,0.0296518,0.0998608,0.0209609,0.0158614
7.32,-0.0221778,0.0268083,0.0970593,0.0227982,0.0182775
7.33,-0.0265962,0.0219393,0.09599,0.0181232,0.0188061
7.34,-0.0216693,0.0169599,0.0926916,0.0135448,0.016049
7.35,-0.00866934,0.0111225,0.0885955,0.0130046,0.00852286
7.36,-0.0073684,0.00833118,0.0871274,0.0124316,0.00311829
7.37,0.00220088,0.00120336,0.0743456,0.00273925,-0.00577003
7.38,-0.000288042,0.00682386,0.0563985,0.000199559,-0.00615479
7.39,0.00203486,-0.000918546,0.0558975,-0.000616158,-0.0210822
7.4,0.00700897,0.0162481,0.0265655,0.0066289,-0.0343319
7.41,0.0136668,0.0176593,0.0225952,-0.00343802,-0.0377686
7.42,0.0207784,-0.00126199,0.0119207,-0.00620209,-0.0353786
7.43,0.0214314,0.00901617,0.0102544,-0.0256635,-0.035337
7.44,0.0317694,0.0151839,-0.00494703,-0.0246396,-0.0275224
7.45,0.0314958,0.00817176,-0.00458045,-0.0461746,-0.0268609
7.46,0.033136,0.00207365,-0.011256,-0.0623116,-0.030355
7.47,0.0366824,0.00151057,-0.0252222,-0.0624106,-0.0353808
7.48,0.030286,0.00535346,-0.0304041,-0.0760738,-0.0382512
7.49,0.0217668,0.0019446,-0.0400417,-0.0790763,-0.0425709
7.5,0.0249241,0.00147287,-0.0415579,-0.0831762,-0.0417082
7.51,0.0120518,-0.00556787,-0.0469588,-0.0889182,-0.0469392
7.52,0.0189446,-0.00689083,-0.0540329,-0.100563,-0.0493541
7.53,0.0144087,-0.00914685,-0.0560164,-0.10889,-0.0546738
7.54,0.0169243,-0.00578501,-0.0569701,-0.11215,-0.0541926
7.55,0.0163059,-0.00383007,-0.0518969,-0.117862,-0.0538719
7.56,0.0139249,-0.000215669,-0.0546888,-0.120069,-0.0571443
7.57,0.0124192,-0.0050808,-0.0590051,-0.125528,-0.0586152
7.58,0.0123655,-0.0119899,-0.0597666,-0.138054,-0.0671559
7.59,0.0107697,-0.0113083,-0.0569221,-0.146059,-0.0729399
7.6,0.0113691,-0.0147456,-0.0541773,-0.151643,-0.0719762
7.61,0.0120292,-0.0239797,-0.0530506,-0.158768,-0.07472
7.62,0.0163922,-0.0297205,-0.0703238,-0.161072,-0.078183
7.63,0.0227763,-0.0288696,-0.0936404,-0.170004,-0.0748668
7.64,0.0366686,-0.0243626,-0.124371,-0.179348,-0.0710876
7.65,0.0444218,-0.0116036,-0.153207,-0.183599,-0.0764251
7.66,0.044638,0.00245652,-0.165671,-0.18793,-0.0712928
7.67,0.0419091,0.00869538,-0.186437,-0.185488,-0.0716987
7.68,0.0363876,0.00795473,-0.209737,-0.178571,-0.0730385
7.69,0.0237793,0.00284909,-0.201047,-0.178867,-0.0686245
7.7,0.0192711,0.000420007,-0.19748,-0.179957,-0.0647234
7.71,0.0187602,-0.00789717,-0.182609,-0.184014,-0.0671634
7.72,0.0130869,-0.0032709,-0.166022,-0.173406,-0.0646115
7.73,0.00721155,-0.000458055,-0.142379,-0.173365,-0.0618935
7.74,0.00397081,0.000304805,-0.126689,-0.162888,-0.0691792
7.75,0.00259762,-0.00369929,-0.111573,-0.151932,-0.0634687
7.76,0.00399179,-0.00131694,-0.0942175,-0.144421,-0.0629484
7.77,0.00379532,0.00388625,-0.0820379,-0.136369,-0.0556235
7.78,0.00289769,0.00612096,-0.0680072,-0.128765,-0.0511247
7.79,0.00423033,0.00723241,-0.0626434,-0.120116,-0.0478316
7.8,0.00494121,0.00857469,-0.0609618,-0.114326,-0.0417164
7.81,0.00538512,0.010246,-0.0564804,-0.104775,-0.0357876
7.82,0.0056228,0.00896247,-0.0547864,-0.100388,-0.0303295
7.83,0.00777197,0.00883063,-0.0492386,-0.0929633,-0.0243819
7.84,0.00665959,0.01131,-0.052746,-0.084143,-0.0171159
7.85,0.00712627,0.0115249,-0.0557645,-0.0768637,-0.0101114
7.86,0.00785607,0.00547164,-0.0631349,-0.0705446,-0.00411209
7.87,0.00776295,0.00488561,-0.0713624,-0.0622531,0.00232557
7.88,0.00665671,0.008462,-0.0770125,-0.0559592,0.00958968
7.89,0.00674848,0.0103362,-0.0825794,-0.0464887,0.0156165
7.9,0.00707112,0.0157364,-0.087193,-0.0387527,0.0198701
7.91,0.00676397,0.02431,-0.0876277,-0.03003,0.0223603
7.92,0.00719424,0.0336766,-0.0840747,-0.0232291,0.0242954
7.93,0.00810068,0.0473388,-0.0806554,-0.0179624,0.0218755
7.94,0.00974986,0.0610014,-0.0673466,-0.0156648,0.0198937
7.95,0.0115559,0.0737769,-0.0429522,-0.0119757,0.0110812
7.96,0.0133495,0.0833319,-0.0133193,-0.00794534,0.00794898
7.97,0.0164427,0.0965893,0.00323989,-0.0050035,-0.0073637
7.98,0.0189332,0.0942958,0.0275737,-0.00640568,-0.0157788
7.99,0.0225598,0.0994392,0.0572436,-0.00695076,-0.0328863
8,0.0227339,0.10174,0.0830946,-0.0171243,-0.0331858
8.01,0.0304243,0.0985701,0.0859556,-0.0168414,-0.0375837
8.02,0.0429339,0.102579,0.101629,-0.0372937,-0.0407861
8.03,0.0421131,0.090067,0.0981629,-0.0227729,-0.0430212
8.04,0.0469678,0.081959,0.0948535,-0.0201608,-0.048693
8.05,0.0542286,0.0717641,0.0879591,-0.0185324,-0.0465426
8.06,0.050911,0.0659537,0.0879282,-0.0143099,-0.0459911
8.07,0.0546393,0.0593558,0.0839302,0.000105363,-0.0485397
8.08,0.0513967,0.0564758,0.0800196,-0.000152919,-0.0383713
8.09,0.044066,0.0548352,0.0718674,-0.00878812,-0.0370485
8.1,0.0299672,0.0599907,0.0783072,-0.0140821,-0.0335085
8.11,0.0176415,0.0701187,0.0692193,-0.0148111,-0.0258978
8.12,0.000506901,0.0818481,0.0699602,-0.00484703,-0.0193883
8.13,0.0291511,0.0844498,0.0656301,-0.00466952,-0.0186743
8.14,0.0377975,0.0877204,0.0571343,-0.00538581,-0.0128341
8.15,0.036481,0.0866766,0.065376,-0.00911084,-0.0124108
8.16,0.0341896,0.0908531,0.0559117,-0.0080299,-0.0110778
8.17,0.0358421,0.0937949,0.0551854,-0.0174544,-0.0120341
8.18,0.0360344,0.0965754,0.0525318,-0.0190945,-0.0116378
8.19,0.0343714,0.0922402,0.048864,-0.0178311,-0.0120376
8.2,0.0348285,0.095064,0.0437791,-0.0221444,-0.0100383
8.21,0.0328878,0.0927303,0.0409692,-0.0258918,-0.00710992
8.22,0.0356636,0.0914312,0.0397166,-0.0320172,-0.006919
8.23,0.033283,0.0846456,0.0316666,-0.031087,-0.00544261
8.24,0.0324205,0.0817535,0.0195045,-0.0331156,-0.00699144
8.25,0.0331377,0.0777829,0.0141886,-0.0338492,-0.00541781
8.26,0.0312435,0.0737582,0.00645762,-0.0307571,-0.00265848
8.27,0.0292722,0.0697669,1.5053e-05,-0.0243347,0.00130909
8.28,0.0262211,0.0650602,-0.00156881,-0.0184853,0.0055966
8.29,0.0230567,0.0635011,-0.00467703,-0.00948067,0.00606333
8.3,0.0258835,0.0649671,0.00223924,-0.00747909,0.00158838
8.31,0.025938,0.069225,0.016046,-0.00653923,-0.00836909
8.32,0.0279458,0.0758809,0.0274976,-0.0119835,-0.0196127
8.33,0.0318165,0.084781,0.0399946,-0.0193388,-0.0349539
8.34,0.0344719,0.0972614,0.0483682,-0.0398782,-0.0386134
8.35,0.0388179,0.101594,0.066506,-0.0626836,-0.0368074
8.36,0.0420603,0.107596,0.076699,-0.0734268,-0.0303323
8.37,0.0447739,0.0979208,0.0972334,-0.0638672,-0.0286297
8.38,0.0382103,0.0886417,0.103373,-0.0646549,-0.0278322
8.39,0.0313738,0.0900214,0.103947,-0.0586031,-0.0245522
8.4,0.0322136,0.0936795,0.0948096,-0.0589938,-0.0220771
8.41,0.0305374,0.0970233,0.101449,-0.0494459,-0.0168051
8.42,0.0335222,0.104832,0.0915665,-0.0371322,-0.0130824
8.43,0.0336654,0.105658,0.0721196,-0.029177,-0.00895311
8.44,0.0332056,0.105648,0.067458,-0.0286243,-0.00796539
8.45,0.034333,0.107475,0.0624548,-0.0295367,-0.00734782
8.46,0.0329197,0.106164,0.0614703,-0.0286074,-0.00651709
8.47,0.0351704,0.105209,0.0582083,-0.0228768,-0.0054732
8.48,0.0355851,0.10299,0.0606915,-0.0165177,-0.00559162
8.49,0.0343663,0.104245,0.0573791,-0.0122901,-0.00604815
8.5,0.0336472,0.103472,0.0609328,-0.0131403,-0.00515561
8.51,0.0348112,0.101423,0.0596815,-0.012712,-0.00607726
8.52,0.0324415,0.1006,0.0673587,-0.0129727,-0.00537341
8.53,0.0314243,0.0986369,0.0689373,-0.01341,-0.00404333
8.54,0.0278241,0.0971727,0.0689678,-0.0121987,-0.00229034
8.55,0.0234768,0.0928726,0.068434,-0.0113735,-0.000559448
8.56,0.018257,0.0867032,0.0679928,-0.0108247,0.00122659
8.57,0.012342,0.0807697,0.06674,-0.0115657,0.00364732
8.58,0.00738806,0.0738855,0.0677099,-0.00962102,0.00613355
8.59,0.00248731,0.0680053,0.0698541,-0.00814798,0.00898889
8.6,0.00183953,0.0656366,0.0715352,-0.011472,0.010254
8.61,0.00225798,0.0637563,0.0704206,-0.0152406,0.0109107
8.62,-0.000617477,0.0631351,0.0710194,-0.028285,0.00938281
8.63,0.00151552,0.0613022,0.0635451,-0.0372673,0.0055754
8.64,0.00335016,0.0563192,0.0503753,-0.0398962,0.00337977
8.65,0.00948664,0.0591829,0.0546387,-0.0387266,-0.000959434
8.66,0.0285769,0.0532157,0.0513479,-0.0431825,-0.00706287
8.67,0.0379511,0.0642714,0.0404195,-0.0454787,-0.013417
8.68,0.0454621,0.0517676,0.0265632,-0.0408968,-0.0223873
8.69,0.0574002,0.0593259,0.0305045,-0.0296787,-0.0278012
8.7,0.0463943,0.0689048,0.0224809,-0.0282764,-0.0381292
8.71,0.0377405,0.0620352,0.0198499,-0.0224995,-0.0569069
8.72,0.0343015,0.0598881,0.0128327,-0.0389491,-0.0468058
8.73,0.0316987,0.0564907,0.0150402,-0.05588,-0.0336999
8.74,0.027548,0.0433266,0.00698749,-0.053691,-0.0310611
8.75,0.0206848,0.0351623,0.012667,-0.0548962,-0.0222086
8.76,0.0210466,0.0419807,-0.000894339,-0.060589,-0.0238819
8.77,0.0218306,0.0398984,-0.000695392,-0.0572927,-0.025396
8.78,0.0202988,0.0380658,0.000707644,-0.0578657,-0.0281866
8.79,0.0206362,0.0375719,-0.00246972,-0.0567967,-0.0304864
8.8,0.0233631,0.0386057,0.00100361,-0.0634494,-0.0286903
8.81,0.0279377,0.0446717,-0.00370634,-0.0641699,-0.0262225
8.82,0.0287189,0.0430834,0.000330592,-0.0646985,-0.0251232
8.83,0.0262508,0.0504972,-0.00492149,-0.0650846,-0.0278687
8.84,0.0226771,0.0519298,-0.00196766,-0.0625773,-0.027164
8.85,0.0217046,0.0549625,0.00147245,-0.0629369,-0.0272635
8.86,0.0208441,0.0537367,0.00173812,-0.0578299,-0.0277083
8.87,0.0175499,0.051327,0.00169304,-0.051277,-0.025798
8.88,0.0149923,0.0437111,0.00112895,-0.0482992,-0.0217088
8.89,0.0159873,0.0375818,0.0022737,-0.0450183,-0.0214347
8.9,0.0156415,0.0297574,0.00810254,-0.042132,-0.0200413
8.91,0.0117631,0.0289791,0.0113357,-0.0365558,-0.020614
8.92,0.0112921,0.0278649,0.0124341,-0.0331359,-0.0188915
8.93,0.0119383,0.0279301,0.0154081,-0.0293193,-0.0176524
8.94,0.0117234,0.0256569,0.0168081,-0.0250114,-0.0193088
8.95,0.0108236,0.0297376,0.0211763,-0.0260414,-0.0243708
8.96,0.0136783,0.0358453,0.0225788,-0.0294076,-0.0310188
8.97,0.0231052,0.042817,0.0204774,-0.0388101,-0.0381924
8.98,0.0344656,0.0536745,0.0120157,-0.0558168,-0.0385626
8.99,0.0482667,0.070353,-0.0173575,-0.0699145,-0.0320802
9,0.0572409,0.0742775,-0.0248536,-0.0801953,-0.0343336
9.01,0.0451193,0.0839802,-0.0276026,-0.0907339,-0.0333665
9.02,0.0343078,0.106089,-0.0456969,-0.0933948,-0.0298864
9.03,0.0302024,0.103959,-0.0522236,-0.0923231,-0.0317342
9.04,0.0298156,0.100625,-0.0424361,-0.0898604,-0.0334337
9.05,0.0306768,0.0852901,-0.0461598,-0.0887172,-0.0317753
9.06,0.0318573,0.0814693,-0.0477676,-0.0912459,-0.0330916
9.07,0.0297505,0.0705827,-0.0326569,-0.0910589,-0.0326272
9.08,0.0237627,0.0667005,-0.0239621,-0.0900018,-0.0330568
9.09,0.0221561,0.0591091,-0.0242226,-0.0849017,-0.0322955
9.1,0.0207147,0.0571704,-0.0286602,-0.0791762,-0.0310359
9.11,0.0176129,0.0529701,-0.0169116,-0.0840558,-0.031483
9.12,0.0172317,0.0511259,-0.015222,-0.0884678,-0.0293661
9.13,0.0158032,0.0493741,-0.0163859,-0.0868941,-0.0268722
9.14,0.0172389,0.0450885,-0.00888756,-0.0828116,-0.0236592
9.15,0.0160106,0.0473061,-0.01019,-0.0811483,-0.0230168
9.16,0.0173272,0.0467895,-0.00941496,-0.0854494,-0.0232432
9.17,0.0145345,0.0508605,-0.00835749,-0.0883892,-0.0216071
9.18,0.0129298,0.0542724,-0.0099008,-0.0912603,-0.0192978
9.19,0.0104001,0.0555731,-0.010606,-0.0915241,-0.0160189
9.2,0.00915638,0.0555633,-0.0121104,-0.0936923,-0.0122438
9.21,0.0066041,0.0543738,-0.010651,-0.0941695,-0.00747322
9.22,0.00276547,0.0554298,-0.0135355,-0.0931199,-0.00365648
9.23,-5.53267e-05,0.055767,-0.0178706,-0.0921153,0.000350267
9.24,-0.00360831,0.0551619,-0.0224088,-0.0899358,0.00445337
9.25,-0.00688427,0.0536891,-0.0195753,-0.0855624,0.00837575
9.26,-0.0105733,0.0547736,-0.023242,-0.0841032,0.0114996
9.27,-0.0128258,0.0556313,-0.0172496,-0.0828017,0.0125025
9.28,-0.0150804,0.0607112,-0.0199989,-0.0812151,0.0164318
9.29,-0.0165713,0.0660455,-0.01153,-0.0806292,0.0186461
9.3,-0.0156368,0.0668172,-0.00294497,-0.0804901,0.0138583
9.31,-0.0126275,0.0674357,-0.00437458,-0.0731268,0.0097902
9.32,-0.00410334,0.0710573,-0.000531049,-0.0701146,0.00687454
9.33,-0.00325004,0.0648708,0.000571173,-0.0621328,-0.00640365
9.34,0.00458583,0.0616471,0.00401757,-0.0570175,-0.0297372
9.35,0.0113169,0.044873,0.00110705,-0.04008,-0.050566
9.36,0.0273894,0.0480934,0.0111177,-0.058346,-0.0588701
9.37,0.0295938,0.0378034,0.00417093,-0.0419304,-0.0557523
9.38,0.0429177,0.0298287,0.00579559,-0.0447533,-0.0512994
9.39,0.0478894,0.0191305,0.00624672,-0.0305929,-0.055309
9.4,0.0440641,0.0198097,0.00684707,-0.028468,-0.0482237
9.41,0.0386318,0.0197964,0.00830404,-0.0295331,-0.0489284
9.42,0.0320353,0.0176438,0.0083733,-0.0257954,-0.0438162
9.43,0.0219971,0.017096,0.0189466,-0.02442,-0.0367148
9.44,0.0174522,0.0204391,0.0220462,-0.0315217,-0.0271906
9.45,0.0142242,0.0253949,0.0187122,-0.023734,-0.0219332
9.46,0.0145358,0.0320984,0.0184813,-0.0184422,-0.0161095
9.47,0.0161051,0.0358344,0.0188426,-0.0128592,-0.00977149
9.48,0.0184329,0.0394577,0.021648,-0.0108397,-0.0108228
9.49,0.0193904,0.0404246,0.024439,-0.00658722,-0.00934392
9.5,0.020546,0.0443527,0.0284591,-0.00718839,-0.0100925
9.51,0.0206632,0.0472552,0.0334701,-0.00577629,-0.00873149
9.52,0.0212569,0.0468256,0.0326768,-0.00577111,-0.00788876
9.53,0.0223097,0.0475867,0.0369243,-0.00617498,-0.00731033
9.54,0.0219606,0.0458772,0.0324712,-0.00519068,-0.00707691
9.55,0.0218194,0.0434308,0.0277056,-0.00304058,-0.00688784
9.56,0.0214731,0.0419968,0.02669,0.00169414,-0.00459091
9.57,0.0192585,0.0407653,0.0208523,0.00623502,-0.00271293
9.58,0.0188163,0.038803,0.0182371,0.0140589,-0.000793319
9.59,0.0172462,0.0364737,0.0137154,0.0182554,-0.000269039
9.6,0.0155772,0.0332807,0.0078631,0.0262383,0.00227667
9.61,0.0151227,0.0287587,0.00111194,0.0345397,0.00503578
9.62,0.0130867,0.0228937,-0.0098598,0.0444393,0.00692568
9.63,0.0108395,0.0205377,-0.021862,0.0530241,0.010121
9.64,0.00835939,0.0228181,-0.024698,0.0560703,0.00999162
9.65,0.00985896,0.0254542,-0.023034,0.0572815,0.00907242
9.66,0.0159261,0.0310823,-0.0258671,0.0593634,0.00700495
9.67,0.0162903,0.0357202,-0.0173536,0.0450327,0.00249223
9.68,0.020726,0.0421324,-0.00923833,0.028505,-0.0103219
9.69,0.0237573,0.0513263,0.0265449,-0.00585044,-0.0195429
9.7,0.0260644,0.0597901,0.0565301,-0.0273456,-0.026448
9.71,0.0197485,0.0835339,0.0835306,-0.0512681,-0.0382714
9.72,0.027237,0.0869352,0.108829,-0.0711509,-0.0372453
9.73,0.0289088,0.100643,0.106582,-0.0610533,-0.0309774
9.74,0.0330548,0.101437,0.0939016,-0.0725131,-0.0383622
9.75,0.0355023,0.113516,0.102226,-0.0778411,-0.0363391
9.76,0.0372807,0.117057,0.104685,-0.071588,-0.035303
9.77,0.0400804,0.115071,0.0874013,-0.0757523,-0.0360374
9.78,0.0449877,0.123875,0.0993324,-0.0733313,-0.0397375
9.79,0.0448625,0.131698,0.0980543,-0.0692443,-0.0311124
9.8,0.0484096,0.135078,0.0989594,-0.0655412,-0.0303145
9.81,0.0496909,0.139508,0.102444,-0.0617576,-0.0297615
9.82,0.050554,0.144437,0.105307,-0.0664627,-0.0281289
9.83,0.0559568,0.153969,0.0971886,-0.0630189,-0.0286914
9.84,0.050835,0.15673,0.0947016,-0.0569135,-0.028811
9.85,0.0512946,0.15622,0.0996424,-0.0589767,-0.0271416
9.86,0.0503454,0.153456,0.101672,-0.0625855,-0.0270729
9.87,0.0472111,0.154138,0.107073,-0.0622877,-0.0282741
9.88,0.0449466,0.152157,0.110532,-0.064719,-0.0274913
9.89,0.0448941,0.148772,0.109571,-0.0719758,-0.0260597
9.9,0.0421507,0.142745,0.107371,-0.0726199,-0.025649
9.91,0.0396583,0.135062,0.111632,-0.0769421,-0.0254658
9.92,0.0352845,0.129006,0.112524,-0.0875221,-0.0257027
9.93,0.0318028,0.125739,0.102329,-0.0952824,-0.0246735
9.94,0.0314183,0.119771,0.0919837,-0.101261,-0.0241446
9.95,0.0317322,0.114536,0.0681527,-0.114577,-0.0238173
9.96,0.033767,0.111607,0.0401378,-0.122513,-0.0242363
9.97,0.0346055,0.109186,0.00901321,-0.128998,-0.0224544
9.98,0.0403607,0.107869,-0.0272601,-0.133936,-0.0225217
9.99,0.0555128,0.108879,-0.0499246,-0.142888,-0.0204449
10,0.06476,0.10507,-0.0689959,-0.150487,-0.0185641
10.01,0.0603546,0.111826,-0.081838,-0.151805,-0.0210994
10.02,0.0449679,0.104783,-0.0934509,-0.145706,-0.0212986
10.03,0.0450528,0.106711,-0.0808546,-0.134887,-0.0196163
10.04,0.0386014,0.0988779,-0.0709441,-0.125157,-0.0201902
10.05,0.031348,0.0731011,-0.0617721,-0.11243,-0.0220066
10.06,0.0288942,0.0526636,-0.0509113,-0.103918,-0.0251831
10.07,0.0221883,0.0435697,-0.0473776,-0.0842795,-0.0208218
10.08,0.02049,0.0377984,-0.0395165,-0.0654104,-0.0201269
10.09,0.0167858,0.0308829,-0.0288763,-0.0459082,-0.0189236
10.1,0.0149446,0.0296129,-0.022863,-0.0312875,-0.0217622
10.11,0.0153781,0.0287528,-0.0168814,-0.0137131,-0.0167142
10.12,0.0162742,0.0295069,-0.0130494,-0.000439439,-0.0116772
10.13,0.0147601,0.0243639,-0.0113031,0.0165825,-0.0122892
10.14,0.0137664,0.0203202,-0.0111523,0.0196449,-0.0115501
10.15,0.0140164,0.0167386,-0.00366149,0.0319678,-0.00438414
10.16,0.0122128,0.0160769,0.00190006,0.0358361,-0.00448396
10.17,0.0117284,0.0122495,0.00500953,0.0370517,0.00138785
10.18,0.0113295,0.00975048,0.00705412,0.0373336,0.00483946
10.19,0.0109531,0.00783875,0.00558064,0.0404575,0.00495948
10.2,0.00871272,0.00612561,0.00612373,0.0457386,0.00721751
10.21,0.00741098,0.00314307,0.00679317,0.0509249,0.00932087
10.22,0.00597147,0.00189108,0.00926385,0.0544801,0.0140026
10.23,0.00460796,0.00118,0.0140561,0.0621213,0.0161647
10.24,0.00222402,0.00163291,0.0186639,0.0708816,0.0173614
10.25,-0.000884194,-0.00161504,0.0274449,0.0812882,0.0209567
10.26,-0.00311058,-0.0048361,0.0313049,0.0917688,0.0268328
10.27,-0.00501077,-0.00484288,0.0335985,0.103422,0.0316563
10.28,-0.00512106,-0.00632854,0.0353638,0.11275,0.0346408
10.29,-0.00771315,-0.00604923,0.0334381,0.118367,0.036024
10.3,-0.00751728,-0.00999269,0.0289544,0.12163,0.0380323
10.31,-0.00278532,-0.00775169,0.0275087,0.127138,0.0384319
10.32,-0.000372413,-0.005438,0.0262906,0.124206,0.0342856
10.33,-0.00503579,-0.00481365,0.0274255,0.120737,0.0311742
10.34,-0.00465199,-0.00381316,0.0302805,0.102904,0.0239793
10.35,-0.00187195,-0.0055509,0.0420384,0.0907028,0.017423
10.36,0.0144379,-0.00914842,0.051105,0.0677705,0.0122283
10.37,0.0180433,-0.00699866,0.0220353,0.0613038,-0.000868882
10.38,0.0192128,-0.00177694,-0.00323412,0.0259325,-0.0127597
10.39,0.028031,0.00159708,-0.0190354,0.00585289,-0.0200356
10.4,0.0312477,-0.0103362,-0.00069464,-0.01198,-0.0272555
10.41,0.0335918,0.00449654,-0.0154832,-0.0348282,-0.025596
10.42,0.0437055,0.00673704,-0.0291576,-0.0623514,-0.0317665
10.43,0.0464024,0.021242,-0.0253144,-0.0756219,-0.0363971
10.44,0.0502347,0.0141783,-0.0222889,-0.0825826,-0.0370287
10.45,0.0462884,0.0213363,-0.0165185,-0.0872221,-0.0456093
10.46,0.0371454,0.0257245,-0.0265304,-0.0985617,-0.0502307
10.47,0.0346235,0.036201,-0.0245502,-0.0864258,-0.0543036
10.48,0.0406381,0.0264743,-0.0281833,-0.0910432,-0.0558467
10.49,0.043442,0.0317439,-0.0229443,-0.0946148,-0.0603542
10.5,0.0433555,0.0303367,-0.0244831,-0.100244,-0.0688545
10.51,0.0445472,0.0427615,-0.021028,-0.104676,-0.0689533
10.52,0.053858,0.0439201,-0.0137454,-0.10931,-0.0760248
10.53,0.0543017,0.047118,-0.0100861,-0.124478,-0.0840617
10.54,0.0565267,0.0573653,-0.0071805,-0.138682,-0.0879651
10.55,0.0606367,0.0721963,0.000472084,-0.153027,-0.0997946
10.56,0.0627639,0.0836977,-0.00192136,-0.157303,-0.0940027
10.57,0.0611632,0.105368,-0.0164345,-0.171524,-0.0852107
10.58,0.061054,0.106868,-0.0381097,-0.166436,-0.0883743
10.59,0.0563305,0.105355,-0.0262451,-0.158658,-0.0855689
10.6,0.0516199,0.107538,-0.0315701,-0.145438,-0.0818363
10.61,0.0485082,0.0948303,-0.0267428,-0.1446,-0.0799725
10.62,0.0475144,0.0933066,-0.014779,-0.131771,-0.080506
10.63,0.0396129,0.0918332,-0.011779,-0.123223,-0.0678649
10.64,0.0407875,0.0868637,0.00334346,-0.123101,-0.0713151
10.65,0.0356886,0.0759746,0.0159528,-0.106777,-0.0642818
10.66,0.0345727,0.0760918,0.0168402,-0.101812,-0.0542379
10.67,0.0303991,0.0693905,0.0174268,-0.0914727,-0.0501619
10.68,0.0270783,0.0668951,0.0195748,-0.0829265,-0.0521867
10.69,0.0233947,0.0603611,0.0211589,-0.0710791,-0.0456027
10.7,0.0226373,0.0549757,0.0213004,-0.0661297,-0.0406476
10.71,0.0213702,0.0546689,0.0224903,-0.0586324,-0.0368285
10.72,0.0172375,0.0489225,0.0203952,-0.057115,-0.0331515
10.73,0.0143869,0.0408625,0.0187193,-0.0491943,-0.0294311
10.74,0.0123444,0.0385073,0.0176576,-0.0409134,-0.0237136
10.75,0.0115408,0.0386615,0.0122455,-0.0361316,-0.0193533
10.76,0.0114686,0.0405929,0.00956736,-0.0338506,-0.0155859
10.77,0.0101536,0.041927,0.0087584,-0.0357304,-0.0100772
10.78,0.0073169,0.0453171,0.00847678,-0.0342576,-0.00420324
10.79,0.00470351,0.0477717,0.00897763,-0.0322583,0.00140834
10.8,0.000870937,0.051048,0.0090503,-0.0291553,0.00753371
10.81,-0.00220829,0.0531879,0.00900634,-0.0267186,0.0131587
10.82,-0.00371379,0.0549896,0.00886731,-0.0231834,0.019122
10.83,-0.00727606,0.0576464,0.00603532,-0.0224255,0.0237321
10.84,-0.00982553,0.0593342,0.00633407,-0.0199721,0.026867
10.85,-0.0111522,0.0617759,0.00475276,-0.0189629,0.0284185
10.86,-0.00926697,0.063449,0.00610985,-0.021642,0.0230824
10.87,-0.0122523,0.0641511,0.00573502,-0.0239613,0.014389
10.88,-0.00754356,0.0653144,0.00585969,-0.023386,0.0124315
10.89,0.000188503,0.0645292,0.0096806,-0.0242218,0.0104016
10.9,0.00816469,0.063,0.00954567,-0.0226356,-0.000245685
10.91,0.0116884,0.0628554,0.0068106,-0.0288593,-0.0105983
10.92,0.0102429,0.0504935,0.00448871,-0.020237,-0.0243592
10.93,0.0214297,0.0429495,0.00389623,-0.0115768,-0.0329611
10.94,0.0230602,0.0221217,0.00570013,-0.0161755,-0.0399132
10.95,0.0278261,0.0201888,0.00488305,-0.0230243,-0.0495436
10.96,0.0348255,-0.000559638,0.0135378,-0.0344146,-0.0587375
10.97,0.0303939,-0.00583574,-1.46317e-05,-0.0314324,-0.0540072
10.98,0.0352144,0.0140023,0.00714952,-0.0509323,-0.0583111
10.99,0.0293097,0.00273081,-0.000300962,-0.0467427,-0.044633
11,0.0269996,-0.0168827,-0.00260207,-0.0445855,-0.0405893
11.01,0.0165049,-0.016463,-0.00224405,-0.0411774,-0.0353313
11.02,0.0265179,-0.0179359,-0.00615496,-0.0494875,-0.0339094
11.03,0.018721,-0.0201092,-0.00503623,-0.0431566,-0.0305321
11.04,0.0135816,-0.0179193,-0.0122005,-0.0470108,-0.0295128
11.05,0.0129554,-0.018507,-0.00142346,-0.0444709,-0.0219821
11.06,0.00580396,-0.0137535,-0.00795467,-0.0384366,-0.0207561
11.07,0.00268766,-0.0110595,-0.00543077,-0.0422858,-0.0201385
11.08,0.00107917,-0.0123994,-0.0134379,-0.0379815,-0.0214703
11.09,0.00111438,-0.00987346,-0.0131882,-0.0355178,-0.0194668
11.1,0.0012468,-0.0049708,-0.0162276,-0.0318007,-0.0190552
11.11,0.000993537,-0.000524494,-0.0134163,-0.0329382,-0.0160859
11.12,0.00254824,0.000711972,-0.0120596,-0.031262,-0.0164338
11.13,0.00269039,0.00512041,-0.0069368,-0.0294327,-0.0163418
11.14,0.00432794,0.00626839,-0.00861072,-0.0279348,-0.0164954
11.15,0.00457471,0.00762541,-0.00901871,-0.0252486,-0.0178805
