date [s],Average:Average of Translational Z-Velocity (Study 01 - Eulerian Statistics <01>) [m/s],Average:Average of Translational Z-Velocity (Study 01 - Eulerian Statistics <02>) [m/s],Average:Average of Translational Z-Velocity (Study 01 - Eulerian Statistics <03>) [m/s],Average:Average of Translational Z-Velocity (Study 01 - Eulerian Statistics <04>) [m/s],Average:Average of Translational Z-Velocity (Study 01 - Eulerian Statistics <05>) [m/s]
0,-7.19935e-09,1.60783e-07,-5.40391e-08,-1.1352e-08,9.48944e-08
0.01,-6.62872e-05,-0.000406082,-0.000573351,-0.000344946,-1.42396e-05
0.02,-6.9674e-06,-2.61729e-05,-3.30842e-05,-2.64195e-05,-8.05492e-06
0.03,4.23211e-06,4.87102e-06,3.58091e-06,1.01255e-05,4.05497e-06
0.04,-1.43292e-08,-1.07335e-06,-7.09673e-06,-3.61466e-06,-1.23891e-06
0.05,2.95512e-06,3.23849e-06,4.39405e-06,5.43424e-06,3.70878e-06
0.06,1.61935e-06,2.10159e-06,5.41162e-07,2.62783e-06,2.80489e-06
0.07,-8.03287e-07,-3.22215e-06,-4.96316e-06,-7.95818e-08,2.69886e-08
0.08,2.10104e-06,3.22622e-06,2.54305e-06,3.08094e-06,2.03365e-06
0.09,7.51942e-07,1.6793e-06,9.51379e-07,1.39874e-06,1.58779e-06
0.1,-3.67859e-07,-2.08729e-06,-2.70949e-06,-1.09795e-06,-4.05574e-07
0.11,4.73616e-07,8.9316e-07,1.77689e-06,1.08627e-06,4.38068e-07
0.12,1.22291e-06,1.73866e-06,2.06059e-06,2.28014e-06,1.34464e-06
0.13,-5.84109e-07,-3.68968e-07,-7.50412e-07,5.02619e-07,-3.3564e-07
0.14,5.53835e-07,2.48811e-07,7.11367e-07,-3.8033e-07,3.97469e-07
0.15,5.10532e-07,1.23234e-06,1.6833e-06,1.23879e-06,-6.26298e-07
0.16,1.03865e-07,4.53536e-08,6.33363e-07,-2.20616e-08,3.32014e-07
0.17,4.50711e-07,6.47732e-07,6.03491e-07,7.91476e-07,1.93e-07
0.18,1.80661e-07,2.89009e-07,6.87341e-07,5.81518e-07,2.69205e-07
0.19,3.04101e-07,5.08145e-07,7.19749e-07,5.58278e-07,2.59577e-07
0.2,4.18782e-07,4.50363e-07,4.21638e-07,6.55783e-07,4.65988e-07
0.21,3.45395e-07,4.09523e-07,4.70694e-07,7.01168e-07,4.29892e-07
0.22,4.82421e-07,4.60984e-07,6.26474e-07,6.47533e-07,4.36499e-07
0.23,6.23203e-07,5.45949e-07,5.0636e-07,6.84474e-07,5.22335e-07
0.24,6.04773e-07,6.42393e-07,5.84207e-07,6.42992e-07,5.28689e-07
0.25,6.52619e-07,6.07808e-07,5.88824e-07,6.34921e-07,5.51508e-07
0.26,6.29982e-07,4.90703e-07,4.44818e-07,5.62745e-07,6.46331e-07
0.27,7.32213e-07,7.0882e-07,7.54243e-07,7.70851e-07,7.44944e-07
0.28,7.43079e-07,6.17236e-07,5.6347e-07,6.13545e-07,7.30964e-07
0.29,9.59837e-07,9.11899e-07,9.16663e-07,8.09082e-07,8.9556e-07
0.3,1.08666e-06,1.1191e-06,9.98086e-07,9.64037e-07,9.89224e-07
0.31,9.87841e-07,9.05316e-07,1.04052e-06,7.89768e-07,9.38487e-07
0.32,9.6464e-07,9.35905e-07,1.21243e-06,1.01515e-06,1.02304e-06
0.33,1.18136e-06,1.26621e-06,1.62855e-06,1.0365e-06,9.3184e-07
0.34,1.09964e-06,1.3488e-06,1.79391e-06,1.48896e-06,1.2293e-06
0.35,1.27726e-06,2.04698e-06,2.83993e-06,1.96528e-06,1.08564e-06
0.36,8.85426e-07,9.03297e-07,1.43711e-06,1.28524e-06,1.08268e-06
0.37,1.18548e-06,2.23005e-06,2.67612e-06,1.75493e-06,8.35028e-07
0.38,1.00102e-06,1.9252e-06,2.47347e-06,1.71528e-06,7.82916e-07
0.39,1.00961e-06,1.69995e-06,2.2699e-06,1.73315e-06,7.56455e-07
0.4,1.22292e-06,2.04861e-06,2.2382e-06,1.88124e-06,8.08411e-07
0.41,1.41421e-06,2.33196e-06,2.20356e-06,1.95149e-06,1.02528e-06
0.42,7.65148e-07,3.12691e-06,3.09766e-06,2.89477e-06,1.63099e-06
0.43,1.56184e-06,3.249e-06,3.4939e-06,3.00009e-06,1.82804e-06
0.44,1.85757e-06,3.35202e-06,4.51861e-06,5.21524e-06,2.54517e-06
0.45,2.05418e-06,3.84108e-06,4.61299e-06,4.32419e-06,2.44282e-06
0.46,3.07073e-06,4.65117e-06,5.53195e-06,6.45522e-06,4.13858e-06
0.47,2.98999e-06,4.85897e-06,5.96345e-06,6.00235e-06,3.14159e-06
0.48,4.14093e-06,6.28521e-06,6.84294e-06,7.19349e-06,3.80219e-06
0.49,5.35342e-06,8.43062e-06,8.66741e-06,8.13282e-06,4.82185e-06
0.5,5.1343e-06,9.79614e-06,7.71196e-06,8.26688e-06,4.41705e-06
0.51,4.11629e-06,7.087e-06,7.00231e-06,9.07197e-06,5.47932e-06
0.52,1.25713e-05,1.0659e-05,1.12537e-05,1.21317e-05,7.04268e-06
0.53,5.71115e-06,9.46655e-06,9.76959e-06,1.03984e-05,6.23835e-06
0.54,5.34643e-06,9.02072e-06,1.01685e-05,1.07241e-05,6.51888e-06
0.55,7.9307e-06,1.32191e-05,1.10057e-05,1.08121e-05,7.00432e-06
0.56,7.11749e-06,1.30245e-05,1.52204e-05,1.76117e-05,1.03828e-05
0.57,8.80423e-06,1.40519e-05,1.52625e-05,1.60363e-05,8.58141e-06
0.58,8.42696e-06,1.52067e-05,1.97375e-05,1.86805e-05,1.08208e-05
0.59,9.41714e-06,1.68838e-05,1.77438e-05,1.49783e-05,8.98805e-06
0.6,8.25269e-06,1.45931e-05,1.66053e-05,1.77213e-05,1.19013e-05
0.61,8.79466e-06,1.52362e-05,1.76994e-05,1.80049e-05,1.06619e-05
0.62,8.36564e-06,1.43574e-05,1.77478e-05,1.92178e-05,1.51881e-05
0.63,1.0243e-05,1.8404e-05,2.02355e-05,2.07327e-05,1.32842e-05
0.64,1.25318e-05,2.16013e-05,2.20758e-05,1.84667e-05,1.42714e-05
0.65,1.35691e-05,2.50278e-05,2.75228e-05,2.48284e-05,1.56363e-05
0.66,1.36685e-05,2.33605e-05,2.45975e-05,2.30945e-05,1.29527e-05
0.67,1.51343e-05,2.59484e-05,2.77804e-05,2.70837e-05,1.726e-05
0.68,1.49982e-05,2.72869e-05,3.15374e-05,2.87619e-05,2.05885e-05
0.69,1.81447e-05,3.39734e-05,3.62238e-05,3.49297e-05,2.39611e-05
0.7,2.0365e-05,3.30658e-05,3.82518e-05,3.8566e-05,2.67704e-05
0.71,1.96535e-05,3.22841e-05,3.71885e-05,3.61717e-05,2.53478e-05
0.72,2.35886e-05,3.77639e-05,4.55824e-05,3.78926e-05,2.74945e-05
0.73,2.74532e-05,4.0422e-05,4.74633e-05,4.24146e-05,3.00147e-05
0.74,3.02397e-05,4.42495e-05,5.35092e-05,4.804e-05,3.54787e-05
0.75,3.55133e-05,4.80306e-05,5.5525e-05,4.84072e-05,3.68085e-05
0.76,3.83012e-05,5.26394e-05,6.58701e-05,5.95832e-05,4.36684e-05
0.77,3.87086e-05,5.06307e-05,6.18479e-05,5.53575e-05,4.2163e-05
0.78,4.86294e-05,6.64806e-05,8.2514e-05,7.54589e-05,5.90078e-05
0.79,7.00787e-05,9.37419e-05,0.000117441,0.000111784,7.90844e-05
0.8,0.000109566,0.000142028,0.000158283,0.000196923,0.000117498
0.81,0.000216061,0.000270468,0.000240581,0.00029618,0.000184519
0.82,0.00037702,0.00027698,0.000378289,0.000394441,0.000292478
0.83,0.000369214,0.000309864,0.000418096,0.000537339,0.000390343
0.84,0.000335746,0.000418862,0.000486918,0.00070585,0.000385262
0.85,0.000488307,0.000835935,0.000820207,0.000837328,0.000640161
0.86,0.00168192,0.00208137,0.00237946,0.00238852,0.00184001
0.87,0.0033311,0.0046261,0.00506455,0.00489417,0.00389743
0.88,0.0056175,0.00772147,0.00926774,0.00839762,0.00647611
0.89,0.00848405,0.0118373,0.0131352,0.0126865,0.00967177
0.9,0.0120103,0.0164586,0.0184005,0.0181657,0.0139493
0.91,0.0159352,0.0217974,0.0232133,0.0233669,0.0176235
0.92,0.020317,0.0268811,0.0293438,0.0293427,0.0224144
0.93,0.0247334,0.0312474,0.0349269,0.0348172,0.0273339
0.94,0.0300683,0.0377255,0.0413446,0.0400147,0.032755
0.95,0.0347244,0.0440618,0.045817,0.0469212,0.037811
0.96,0.0407688,0.0504435,0.0522537,0.0540648,0.0437669
0.97,0.0463304,0.0546878,0.0580173,0.0592376,0.0493136
0.98,0.0519957,0.0588745,0.0627561,0.0644696,0.054616
0.99,0.0575041,0.0636663,0.0678062,0.0710512,0.059834
1,0.0635225,0.0711273,0.0747434,0.0793294,0.0664435
1.01,0.0698322,0.0785371,0.0807636,0.0855356,0.0748665
1.02,0.0811225,0.0892247,0.0908503,0.0961028,0.0844617
1.03,0.0911808,0.10004,0.101113,0.10593,0.0922903
1.04,0.0985402,0.109313,0.111575,0.116902,0.0993615
1.05,0.103779,0.115161,0.119814,0.122522,0.10253
1.06,0.106551,0.116809,0.121646,0.123948,0.108622
1.07,0.10345,0.114289,0.11635,0.119408,0.107722
1.08,0.0950661,0.105341,0.105493,0.108409,0.0981969
1.09,0.0808857,0.0936533,0.090533,0.0924474,0.0859003
1.1,0.0662502,0.073783,0.0700997,0.0749361,0.0683982
1.11,0.0454062,0.0515823,0.0470362,0.0518906,0.0450002
1.12,0.0169705,0.0222727,0.0124261,0.0251357,0.0158072
1.13,-0.0267472,-0.0293674,-0.0382921,-0.0174407,-0.0319602
1.14,-0.0850388,-0.0805217,-0.0926382,-0.0714302,-0.0805796
1.15,-0.131208,-0.131784,-0.150886,-0.135731,-0.136122
1.16,-0.171379,-0.161271,-0.170981,-0.177532,-0.140165
1.17,-0.149374,-0.150843,-0.156248,-0.160927,-0.14128
1.18,-0.106503,-0.124824,-0.121615,-0.129653,-0.113559
1.19,-0.0844867,-0.103213,-0.101158,-0.0858904,-0.107266
1.2,-0.0701819,-0.0816244,-0.0624348,-0.0759198,-0.100041
1.21,-0.0514804,-0.0379946,-0.0250471,-0.039652,-0.0668546
1.22,-0.0155995,0.0136141,0.00375372,-0.00495668,-0.0272131
1.23,0.00996141,0.0426395,0.0394684,0.0285003,0.0106269
1.24,0.026933,0.0617494,0.0831077,0.059172,0.0215067
1.25,0.0458334,0.0975115,0.113724,0.0841364,0.0529977
1.26,0.0574012,0.111179,0.135078,0.106451,0.054446
1.27,0.0651595,0.125422,0.151125,0.121816,0.060772
1.28,0.0844649,0.145234,0.17273,0.141601,0.0807023
1.29,0.0907306,0.157129,0.183829,0.151903,0.085045
1.3,0.0922045,0.161572,0.185519,0.163996,0.0956135
1.31,0.0890842,0.164769,0.193588,0.169604,0.0893735
1.32,0.0978121,0.172378,0.194449,0.173254,0.0989846
1.33,0.0978005,0.169353,0.193498,0.166426,0.0960479
1.34,0.0903527,0.164078,0.191544,0.164685,0.0946787
1.35,0.0708603,0.144227,0.182437,0.147936,0.0738962
1.36,0.0610924,0.125673,0.157688,0.137382,0.0679406
1.37,0.0535272,0.112935,0.149189,0.124927,0.0603773
1.38,0.0412612,0.0933609,0.105139,0.106567,0.0532121
1.39,0.00588702,0.0433198,0.0501653,0.0543065,0.022402
1.4,-0.0326781,-0.0223615,-0.0351794,0.00207886,-0.0179377
1.41,-0.0808232,-0.100124,-0.120844,-0.0761652,-0.0681988
1.42,-0.12777,-0.164822,-0.19237,-0.139788,-0.122743
1.43,-0.168191,-0.198768,-0.259507,-0.184261,-0.160504
1.44,-0.218146,-0.272182,-0.333591,-0.247855,-0.194411
1.45,-0.263818,-0.303609,-0.361035,-0.290029,-0.238684
1.46,-0.20513,-0.23559,-0.272943,-0.235876,-0.209214
1.47,-0.207398,-0.218412,-0.146105,-0.175669,-0.176737
1.48,-0.212816,-0.152643,-0.037322,-0.128124,-0.178221
1.49,-0.160745,-0.0659937,-0.023267,-0.0456652,-0.106884
1.5,-0.164028,-0.0400433,0.0457607,-0.0315648,-0.122559
1.51,-0.13051,0.0225094,0.123574,0.0202565,-0.118521
1.52,-0.102289,0.0518047,0.195882,0.0763043,-0.0704105
1.53,-0.068106,0.0927114,0.251868,0.141823,-0.0594087
1.54,-0.0641707,0.131526,0.294016,0.167067,-0.0325868
1.55,-0.0613149,0.151225,0.327657,0.208458,-0.0540076
1.56,-0.0239567,0.186799,0.367309,0.212065,-0.0102075
1.57,-0.016207,0.203,0.381194,0.204518,-0.00144609
1.58,-0.0298364,0.183462,0.384103,0.22544,-0.00919528
1.59,-0.0416085,0.159255,0.353352,0.189829,-0.0177332
1.6,-0.0698281,0.122468,0.292011,0.162341,-0.0375989
1.61,-0.105513,0.0733278,0.181536,0.116584,-0.06752
1.62,-0.149759,0.0252132,0.0610806,0.064404,-0.0972654
1.63,-0.19335,-0.0409974,-0.0320957,0.0003288,-0.140377
1.64,-0.247014,-0.107289,-0.114069,-0.0729689,-0.18992
1.65,-0.302894,-0.173558,-0.187969,-0.14464,-0.249092
1.66,-0.360515,-0.233011,-0.258514,-0.210581,-0.303846
1.67,-0.420105,-0.292841,-0.289196,-0.268397,-0.360806
1.68,-0.459478,-0.352037,-0.308367,-0.320464,-0.416696
1.69,-0.433362,-0.362515,-0.378296,-0.366327,-0.457033
1.7,-0.38122,-0.279405,-0.39935,-0.341423,-0.417394
1.71,-0.372903,-0.204888,-0.0574539,-0.205876,-0.357596
1.72,-0.368046,-0.132567,0.434967,-0.0984989,-0.316092
1.73,-0.351124,-0.072981,0.603464,0.0521325,-0.301694
1.74,-0.334659,2.32719e-05,0.728961,0.154964,-0.270343
1.75,-0.323562,0.046465,0.850631,0.263691,-0.267078
1.76,-0.308463,0.0961783,0.904659,0.308381,-0.25175
1.77,-0.294679,0.100761,0.911627,0.312705,-0.238098
1.78,-0.289628,0.104194,0.884204,0.307226,-0.227755
1.79,-0.289789,0.0889905,0.832959,0.298354,-0.233464
1.8,-0.296528,0.0871552,0.796282,0.291096,-0.245303
1.81,-0.310678,0.074693,0.77879,0.265603,-0.25025
1.82,-0.304439,0.0593123,0.7495,0.249613,-0.247157
1.83,-0.303193,0.0554993,0.727442,0.224361,-0.241025
1.84,-0.312194,0.0465277,0.710662,0.214802,-0.255282
1.85,-0.304776,0.0435242,0.724146,0.212744,-0.244626
1.86,-0.281305,0.0593959,0.728494,0.213547,-0.24113
1.87,-0.257759,0.0923098,0.729873,0.216991,-0.248668
1.88,-0.248387,0.124247,0.738189,0.23518,-0.230972
1.89,-0.231091,0.175728,0.749866,0.250912,-0.193711
1.9,-0.18208,0.209974,0.728494,0.285423,-0.167206
1.91,-0.150125,0.258478,0.698248,0.292221,-0.147928
1.92,-0.132196,0.284551,0.657796,0.303959,-0.12771
1.93,-0.106289,0.310897,0.627756,0.31853,-0.0905135
1.94,-0.0863099,0.3322,0.57891,0.327279,-0.0668082
1.95,-0.0836964,0.348919,0.533595,0.320042,-0.0535549
1.96,-0.0602582,0.345314,0.479229,0.314419,-0.0458285
1.97,-0.0600798,0.340458,0.424925,0.302537,-0.0352856
1.98,-0.0592165,0.309938,0.369474,0.304769,-0.0321749
1.99,-0.0697551,0.284201,0.32498,0.303215,-0.0243634
2,-0.0864987,0.259758,0.289959,0.276319,-0.02702
2.01,-0.0991147,0.23202,0.253665,0.26282,-0.0300789
2.02,-0.119059,0.197682,0.226287,0.243637,-0.0432506
2.03,-0.144164,0.19292,0.207941,0.22887,-0.0482949
2.04,-0.164967,0.180155,0.204581,0.193768,-0.0616319
2.05,-0.174526,0.174594,0.196542,0.189849,-0.0840851
2.06,-0.182129,0.178627,0.19468,0.169347,-0.119554
2.07,-0.191942,0.187202,0.196532,0.166648,-0.140785
2.08,-0.183927,0.192829,0.217679,0.17976,-0.155554
2.09,-0.17785,0.201679,0.241061,0.196817,-0.173386
2.1,-0.162996,0.213947,0.27429,0.25055,-0.172361
2.11,-0.136951,0.219511,0.340575,0.291444,-0.161925
2.12,-0.116947,0.227148,0.406454,0.327698,-0.141282
2.13,-0.0702814,0.248343,0.474905,0.348552,-0.114532
2.14,-0.0341116,0.264781,0.533624,0.36676,-0.0735289
2.15,0.000793736,0.270898,0.589294,0.377713,-0.0276638
2.16,0.0326903,0.244666,0.664734,0.395636,0.0174902
2.17,0.0276361,0.206817,0.662976,0.388535,0.0422086
2.18,0.0319408,0.176384,0.592767,0.378284,0.0519275
2.19,0.01277,0.13329,0.463727,0.330458,0.0602538
2.2,-0.00905064,0.0859527,0.337914,0.27527,0.0355105
2.21,-0.05338,0.0259907,0.247109,0.20881,-0.0192432
2.22,-0.0970308,-0.0370687,0.130661,0.123266,-0.0835543
2.23,-0.135429,-0.0965652,0.0171354,0.0346533,-0.148299
2.24,-0.178433,-0.153722,-0.03273,-0.0564471,-0.221221
2.25,-0.226407,-0.21222,-0.104802,-0.132989,-0.294009
2.26,-0.27101,-0.268182,-0.15998,-0.217307,-0.360855
2.27,-0.313411,-0.321408,-0.19155,-0.268386,-0.42455
2.28,-0.349672,-0.367013,-0.248992,-0.346963,-0.476078
2.29,-0.381369,-0.396642,-0.322705,-0.398783,-0.487265
2.3,-0.400405,-0.419592,-0.334824,-0.426301,-0.457516
2.31,-0.395814,-0.393948,0.348702,-0.0554084,-0.441297
2.32,-0.384379,-0.353488,0.592629,0.210879,-0.418485
2.33,-0.362947,-0.302041,0.805486,0.334114,-0.406194
2.34,-0.319976,-0.216787,0.909161,0.464061,-0.410629
2.35,-0.278888,-0.136684,1.05349,0.553072,-0.393349
2.36,-0.241694,-0.0466073,1.1222,0.541519,-0.386776
2.37,-0.206375,-0.01814,1.03697,0.329768,-0.407162
2.38,-0.182931,0.00208622,0.862901,0.107292,-0.429958
2.39,-0.141184,0.00979447,0.796611,0.0465186,-0.424104
2.4,-0.109575,0.0340036,0.77534,-0.00274811,-0.422439
2.41,-0.0651698,0.0680033,0.763022,-0.0251231,-0.401663
2.42,-0.0273189,0.136942,0.773435,-0.00486421,-0.368875
2.43,0.000159516,0.200928,0.824401,0.0257081,-0.338868
2.44,0.0293957,0.269799,0.845124,0.081605,-0.291678
2.45,0.0468692,0.302965,0.843815,0.0841008,-0.252038
2.46,0.0595355,0.307643,0.772794,0.0899094,-0.213432
2.47,0.0696209,0.320754,0.692807,0.0815029,-0.190613
2.48,0.0680966,0.323425,0.617289,0.0763152,-0.152098
2.49,0.0620268,0.302799,0.536853,0.065172,-0.127419
2.5,0.0399755,0.262347,0.488384,0.0590235,-0.105384
2.51,0.0130267,0.229606,0.432134,0.0377121,-0.087968
2.52,-0.0102196,0.192523,0.389044,0.0320587,-0.0816552
2.53,-0.0323062,0.162697,0.361691,0.0213057,-0.0841635
2.54,-0.0680695,0.123679,0.333908,0.0140682,-0.0886419
2.55,-0.100953,0.0918239,0.314351,-0.0104675,-0.0995184
2.56,-0.133843,0.0523719,0.28525,-0.0315982,-0.116968
2.57,-0.168433,0.0188107,0.2335,-0.059377,-0.1379
2.58,-0.209719,-0.0108396,0.185499,-0.0998123,-0.167618
2.59,-0.248203,-0.037337,0.131459,-0.133098,-0.203739
2.6,-0.280216,-0.0662076,0.0872031,-0.181426,-0.244794
2.61,-0.3095,-0.0913414,0.0489946,-0.225957,-0.286846
2.62,-0.336248,-0.106324,0.0225495,-0.264392,-0.332642
2.63,-0.358963,-0.110217,-0.0324136,-0.301976,-0.377791
2.64,-0.327112,-0.106774,-0.0563648,-0.333213,-0.425477
2.65,-0.266634,-0.0737353,-0.0258121,-0.3503,-0.471275
2.66,-0.219269,-0.0514747,0.0622272,-0.369033,-0.51616
2.67,-0.155662,-0.019711,0.136613,-0.37644,-0.556093
2.68,-0.0647733,0.0117815,0.215721,-0.358831,-0.587697
2.69,-0.0603782,0.0594438,0.242841,-0.295361,-0.615627
2.7,-0.0595751,0.0924456,0.269877,-0.208505,-0.607583
2.71,-0.0535402,0.109272,0.294969,-0.102578,-0.568612
2.72,-0.048862,0.124652,0.299369,-0.00388068,-0.498517
2.73,-0.0557571,0.126024,0.279821,0.0343111,-0.372913
2.74,-0.0662739,0.105163,0.252479,0.0330576,-0.27304
2.75,-0.090518,0.0683769,0.226071,0.0236823,-0.236079
2.76,-0.129586,0.0276196,0.178377,-0.00360575,-0.229211
2.77,-0.171479,-0.0250902,0.129442,-0.0282599,-0.24664
2.78,-0.214034,-0.0864216,0.0895795,-0.0473049,-0.273032
2.79,-0.262266,-0.14894,0.0480499,-0.0712107,-0.29352
2.8,-0.306501,-0.205098,0.00469774,-0.0833595,-0.309919
2.81,-0.34944,-0.268993,-0.0276945,-0.0901469,-0.314594
2.82,-0.366128,-0.307191,-0.0637905,-0.0902293,-0.317282
2.83,-0.357371,-0.316972,-0.066368,-0.091326,-0.331222
2.84,-0.327931,-0.256862,0.0159421,-0.0868075,-0.330827
2.85,-0.289538,-0.180841,0.153133,-0.0636157,-0.319381
2.86,-0.225322,-0.0920229,0.277669,-0.020954,-0.273589
2.87,-0.14391,-0.0325419,0.344023,0.0364904,-0.209201
2.88,-0.039587,0.0477645,0.33878,0.0813264,-0.137957
2.89,0.0401391,0.129867,0.355441,0.130898,-0.0720583
2.9,0.108728,0.215748,0.39114,0.186909,-0.0165672
2.91,0.161374,0.25989,0.410745,0.228677,0.0222868
2.92,0.193992,0.306296,0.425155,0.254242,0.0495892
2.93,0.202361,0.324097,0.397975,0.2629,0.0565839
2.94,0.175233,0.303671,0.351533,0.249342,0.0534097
2.95,0.130776,0.244732,0.280901,0.222843,0.0345769
2.96,0.0654837,0.178172,0.205911,0.193253,0.00595599
2.97,-0.00268258,0.0967612,0.130609,0.162986,-0.0289147
2.98,-0.0724354,0.0174163,0.0624666,0.128119,-0.0658953
2.99,-0.143014,-0.0675173,0.00864076,0.0993755,-0.104482
3,-0.206508,-0.137636,-0.0426236,0.0737392,-0.144121
3.01,-0.258155,-0.203607,-0.0797243,0.0582116,-0.185684
3.02,-0.311602,-0.249616,-0.112539,0.0342825,-0.225951
3.03,-0.37363,-0.274087,-0.125163,0.0179798,-0.269257
3.04,-0.435209,-0.226157,-0.145904,0.0132992,-0.30852
3.05,-0.478566,-0.145576,-0.159653,0.003935,-0.350567
3.06,-0.511145,-0.062497,-0.173576,0.00260864,-0.386609
3.07,-0.505494,0.0461523,-0.181245,-0.0115798,-0.433882
3.08,-0.472364,0.0941678,-0.187792,-0.0374633,-0.471777
3.09,-0.359112,0.117387,-0.187731,-0.0703712,-0.52417
3.1,-0.257859,0.135185,-0.190088,-0.100205,-0.564759
3.11,-0.208108,0.152723,-0.193998,-0.12266,-0.613983
3.12,-0.163067,0.149099,-0.215591,-0.162205,-0.663021
3.13,-0.183121,0.126759,-0.231384,-0.20381,-0.71258
3.14,-0.201222,0.0865981,-0.255407,-0.261483,-0.759381
3.15,-0.249342,0.0377383,-0.264702,-0.299393,-0.791753
3.16,-0.311832,-0.0295229,-0.277825,-0.248816,-0.777383
3.17,-0.399197,-0.0910782,-0.30722,-0.198365,-0.650349
3.18,-0.466208,-0.151878,-0.317147,-0.107311,-0.507151
3.19,-0.512501,-0.223642,-0.299294,-0.0486487,-0.400852
3.2,-0.518238,-0.272098,-0.26904,0.0249266,-0.34969
3.21,-0.405162,-0.283359,-0.195661,0.0782146,-0.338203
3.22,-0.311536,-0.172388,-0.070638,0.0720723,-0.293389
3.23,-0.164738,-0.000626118,0.0455468,0.0472498,-0.285053
3.24,-0.063115,0.0622832,0.156877,0.0332377,-0.227157
3.25,-0.0239195,0.0965445,0.247448,0.0604942,-0.180281
3.26,0.010587,0.148976,0.308794,0.0818174,-0.138285
3.27,0.0366704,0.182564,0.352592,0.104634,-0.111998
3.28,0.0428074,0.179742,0.380661,0.120741,-0.0859143
3.29,0.0420273,0.178329,0.37318,0.118683,-0.0651687
3.3,0.0465259,0.166874,0.350807,0.121294,-0.0485772
3.31,0.0514316,0.163722,0.340459,0.11483,-0.0444317
3.32,0.045568,0.15035,0.306976,0.0886845,-0.0473243
3.33,0.0386419,0.118727,0.238136,0.0377731,-0.070645
3.34,0.0283134,0.0864074,0.178711,-0.015149,-0.105953
3.35,0.0120268,0.057432,0.0956111,-0.0743701,-0.151202
3.36,-0.0102368,0.0348474,0.0449602,-0.129568,-0.201783
3.37,-0.0398558,0.0178119,0.0272947,-0.184324,-0.254909
3.38,-0.0752186,-0.00202318,0.0400008,-0.228805,-0.305976
3.39,-0.112222,-0.0233526,0.101931,-0.252261,-0.352872
3.4,-0.146885,-0.0417217,0.197927,-0.248983,-0.39214
3.41,-0.184555,-0.070061,0.280771,-0.197285,-0.420502
3.42,-0.217321,-0.0936793,0.358086,-0.108294,-0.430558
3.43,-0.241765,-0.110114,0.465015,-0.0417766,-0.4313
3.44,-0.253995,-0.119962,0.495683,-0.0387074,-0.411129
3.45,-0.263671,-0.127096,0.433444,-0.0629382,-0.387334
3.46,-0.262602,-0.123681,0.258436,-0.0771153,-0.33592
3.47,-0.254344,-0.128434,0.196699,-0.085175,-0.273151
3.48,-0.2449,-0.133743,0.160792,-0.0870026,-0.228773
3.49,-0.235441,-0.130414,0.157126,-0.0997051,-0.19817
3.5,-0.225277,-0.124287,0.181312,-0.0979061,-0.176779
3.51,-0.218664,-0.112528,0.317017,-0.084749,-0.159853
3.52,-0.211725,-0.0822084,0.429935,-0.0534548,-0.142208
3.53,-0.192826,0.0154641,0.599637,0.00221872,-0.121958
3.54,-0.16985,0.122931,0.731258,0.0694282,-0.0982914
3.55,-0.155391,0.180235,0.799577,0.133753,-0.0714717
3.56,-0.133126,0.181086,0.782025,0.177531,-0.043711
3.57,-0.125917,0.161337,0.654488,0.186281,-0.0246973
3.58,-0.131131,0.119615,0.466466,0.159489,-0.0143815
3.59,-0.144765,0.0818879,0.338926,0.113856,-0.0156856
3.6,-0.156863,0.0783671,0.278799,0.0813332,-0.027855
3.61,-0.152513,0.101493,0.277248,0.0538685,-0.0463242
3.62,-0.0991462,0.107081,0.327791,0.0378493,-0.0670581
3.63,-0.0564097,0.132301,0.371344,0.0241379,-0.0938643
3.64,0.000797714,0.155615,0.412975,0.0179739,-0.119857
3.65,0.037378,0.183087,0.450172,0.00987111,-0.148531
3.66,0.058976,0.207338,0.473446,0.00170468,-0.17356
3.67,0.0796518,0.214495,0.453146,-0.00145266,-0.199388
3.68,0.0972134,0.229502,0.442395,-0.0153581,-0.222096
3.69,0.093374,0.245347,0.414127,-0.0260601,-0.247549
3.7,0.0834586,0.242071,0.37291,-0.0627729,-0.269954
3.71,0.0508551,0.226561,0.345534,-0.0850239,-0.289822
3.72,-0.0213484,0.163502,0.289888,-0.0934288,-0.302845
3.73,-0.0704019,0.0899286,0.238924,-0.101113,-0.317255
3.74,-0.0993726,0.0396193,0.165161,-0.107783,-0.330123
3.75,-0.124135,-0.00588749,0.096603,-0.125963,-0.32906
3.76,-0.148816,-0.0491725,0.0113189,-0.159381,-0.328995
3.77,-0.182636,-0.0877494,-0.0705516,-0.188664,-0.33025
3.78,-0.216493,-0.131121,-0.116422,-0.225533,-0.342541
3.79,-0.249222,-0.178264,-0.148641,-0.245004,-0.356782
3.8,-0.294804,-0.213139,-0.183081,-0.257113,-0.371958
3.81,-0.334508,-0.248222,-0.207923,-0.259523,-0.375274
3.82,-0.372605,-0.270677,-0.185847,-0.249501,-0.367244
3.83,-0.39707,-0.252228,-0.106892,-0.228736,-0.339212
3.84,-0.407625,-0.091274,0.0998247,-0.192817,-0.337584
3.85,-0.40901,0.0825421,0.236202,-0.177917,-0.327623
3.86,-0.397312,0.217516,0.298377,-0.14928,-0.288124
3.87,-0.37655,0.284432,0.442834,-0.106755,-0.277471
3.88,-0.355968,0.276639,0.465015,-0.0746695,-0.262632
3.89,-0.327334,0.199962,0.380666,-0.0542138,-0.252369
3.9,-0.305885,0.125049,0.385947,-0.0284749,-0.226143
3.91,-0.279474,0.0734888,0.361631,-0.0235385,-0.213248
3.92,-0.253614,0.0652688,0.338125,-0.00730997,-0.179329
3.93,-0.225749,0.0488907,0.35406,0.0124287,-0.172183
3.94,-0.193325,0.0577489,0.357908,0.0262916,-0.156925
3.95,-0.16966,0.0654546,0.366184,0.0514392,-0.123029
3.96,-0.137134,0.0581192,0.34696,0.0714243,-0.0991275
3.97,-0.118913,0.0511116,0.344715,0.0881101,-0.0817371
3.98,-0.103061,0.0458567,0.340079,0.114832,-0.0659231
3.99,-0.0801692,0.0512007,0.351815,0.142842,-0.0574253
4,-0.0610822,0.0648977,0.378427,0.188908,-0.0401458
4.01,-0.0450868,0.0748624,0.39677,0.238092,-0.0239185
4.02,-0.0211247,0.10673,0.4198,0.301556,0.00266686
4.03,0.0135166,0.147998,0.44167,0.362642,0.0217827
4.04,0.0393136,0.177764,0.440416,0.395886,0.0463428
4.05,0.0562899,0.19862,0.414129,0.397295,0.0629118
4.06,0.0649829,0.198105,0.372914,0.342853,0.0715533
4.07,0.0614292,0.174918,0.322759,0.299909,0.0624641
4.08,0.0380563,0.121292,0.234125,0.222853,0.0484808
4.09,0.00529986,0.0612139,0.166485,0.175575,0.0226703
4.1,-0.0351582,0.00187806,0.0925687,0.110151,-0.0133995
4.11,-0.0983208,-0.0629091,0.031341,0.0594537,-0.0587572
4.12,-0.160963,-0.137461,-0.038231,0.00772061,-0.105296
4.13,-0.217006,-0.194562,-0.0918155,-0.0389191,-0.145311
4.14,-0.271688,-0.245947,-0.13,-0.079675,-0.186741
4.15,-0.331305,-0.299812,-0.159655,-0.103444,-0.224141
4.16,-0.387596,-0.347249,-0.16952,-0.118728,-0.273816
4.17,-0.43817,-0.3844,-0.170521,-0.141201,-0.310594
4.18,-0.486887,-0.384054,-0.165421,-0.159603,-0.337625
4.19,-0.52455,-0.401214,-0.176959,-0.179675,-0.369777
4.2,-0.566375,-0.412395,-0.204446,-0.183801,-0.405364
4.21,-0.592002,-0.414353,-0.222423,-0.208496,-0.426905
4.22,-0.599183,-0.417177,-0.23974,-0.214315,-0.454944
4.23,-0.612072,-0.424442,-0.259691,-0.235521,-0.477605
4.24,-0.630686,-0.450838,-0.278426,-0.258406,-0.479121
4.25,-0.656362,-0.488996,-0.294951,-0.260152,-0.488263
4.26,-0.630945,-0.486989,-0.296574,-0.260696,-0.50177
4.27,-0.611425,-0.496134,-0.285532,-0.261131,-0.519931
4.28,-0.583976,-0.491064,-0.263946,-0.240595,-0.487429
4.29,-0.506356,-0.441328,-0.206074,-0.219417,-0.447408
4.3,-0.42489,-0.349321,-0.121701,-0.171755,-0.401602
4.31,-0.360572,-0.233615,-0.0197532,-0.133536,-0.325051
4.32,-0.260722,-0.109848,0.0646848,-0.105848,-0.228868
4.33,-0.178962,-0.0442196,0.0865377,-0.0821968,-0.160657
4.34,-0.118828,-0.0138036,0.116719,-0.0669474,-0.102021
4.35,-0.0876312,0.010531,0.137262,-0.0478064,-0.0793347
4.36,-0.0715568,0.0381829,0.170441,-0.0321413,-0.0541266
4.37,-0.0730374,0.0664394,0.209956,0.00229455,-0.0484335
4.38,-0.0678942,0.0948456,0.266975,0.0586682,-0.0381214
4.39,-0.0569843,0.13607,0.322027,0.116903,-0.0427508
4.4,-0.0290351,0.175022,0.389607,0.137268,-0.0453856
4.41,-0.0130339,0.202034,0.460323,0.19686,-0.0128718
4.42,-0.0105693,0.212056,0.483824,0.234376,-0.00725523
4.43,-0.0110644,0.195963,0.480815,0.26278,-0.0115241
4.44,-0.0137735,0.171733,0.464693,0.258247,-0.013917
4.45,-0.0278006,0.138295,0.431185,0.228833,-0.023129
4.46,-0.0457993,0.0970345,0.374649,0.199201,-0.0402417
4.47,-0.0651502,0.0583952,0.298179,0.160788,-0.0691488
4.48,-0.0933016,0.00852736,0.200319,0.109221,-0.106326
4.49,-0.138148,-0.0338055,0.120342,0.0572368,-0.153395
4.5,-0.177297,-0.0825118,0.0369206,-0.00288068,-0.208824
4.51,-0.214993,-0.128525,-0.0301074,-0.058867,-0.274
4.52,-0.255486,-0.165217,-0.0844568,-0.115823,-0.342378
4.53,-0.304613,-0.20634,-0.14107,-0.177593,-0.407892
4.54,-0.347757,-0.247058,-0.17056,-0.229576,-0.476479
4.55,-0.389091,-0.28761,-0.207665,-0.27778,-0.551644
4.56,-0.431462,-0.326848,-0.229846,-0.328649,-0.628903
4.57,-0.478031,-0.352909,-0.252218,-0.379627,-0.708382
4.58,-0.490685,-0.328063,-0.260318,-0.42725,-0.763317
4.59,-0.427951,-0.259223,-0.198819,-0.467102,-0.768152
4.6,-0.336725,-0.196149,-0.108646,-0.473344,-0.727088
4.61,-0.31619,-0.111639,0.112451,-0.23864,-0.574838
4.62,-0.270245,-0.0426469,0.361143,0.00512446,-0.383607
4.63,-0.207617,0.039735,0.514332,0.166916,-0.268875
4.64,-0.152324,0.104638,0.57617,0.279861,-0.128617
4.65,-0.0820963,0.160359,0.619778,0.333719,-0.0239477
4.66,-0.0256577,0.202153,0.643184,0.374974,0.0441182
4.67,-0.00834684,0.217434,0.645738,0.412123,0.0987056
4.68,0.00199029,0.203116,0.600147,0.413621,0.134906
4.69,-0.024521,0.179246,0.515436,0.401556,0.131915
4.7,-0.0475584,0.127122,0.420508,0.374573,0.132912
4.71,-0.0909191,0.0672535,0.344127,0.345574,0.115828
4.72,-0.127459,0.0125327,0.320425,0.320871,0.094826
4.73,-0.166871,-0.030849,0.322461,0.303656,0.0619239
4.74,-0.208714,-0.0614097,0.320338,0.285824,0.0265512
4.75,-0.24614,-0.0820021,0.320566,0.271911,-0.0124434
4.76,-0.280612,-0.0822559,0.321108,0.24479,-0.0518806
4.77,-0.29963,-0.0718527,0.306895,0.209647,-0.0920925
4.78,-0.304144,-0.0720761,0.276655,0.151154,-0.126562
4.79,-0.301664,-0.0771298,0.207391,0.0760591,-0.166951
4.8,-0.293502,-0.0914656,0.136762,0.0189142,-0.204503
4.81,-0.282474,-0.117234,0.0590791,-0.0463833,-0.235358
4.82,-0.256431,-0.152171,-0.0262187,-0.0977303,-0.27241
4.83,-0.253111,-0.178443,-0.100381,-0.141164,-0.317077
4.84,-0.261732,-0.203415,-0.152567,-0.187309,-0.369167
4.85,-0.267665,-0.224672,-0.182458,-0.21979,-0.420288
4.86,-0.280023,-0.246819,-0.17245,-0.242076,-0.468978
4.87,-0.299539,-0.266326,-0.0908677,-0.251516,-0.514655
4.88,-0.315721,-0.270909,0.015111,-0.179444,-0.548348
4.89,-0.323401,-0.262161,0.145486,-0.0103961,-0.557255
4.9,-0.309919,-0.234747,0.299105,0.181418,-0.548366
4.91,-0.305727,-0.190407,0.444072,0.294579,-0.507234
4.92,-0.285111,-0.138476,0.531642,0.221993,-0.392203
4.93,-0.248874,-0.0938996,0.478285,0.113982,-0.268209
4.94,-0.21374,-0.0579533,0.400104,0.054455,-0.22232
4.95,-0.186981,-0.0244482,0.350323,0.0642905,-0.166702
4.96,-0.142934,0.0199466,0.356999,0.0765006,-0.112195
4.97,-0.10211,0.0705058,0.405263,0.116918,-0.0672233
4.98,-0.0608578,0.1359,0.445511,0.161951,-0.0176204
4.99,-0.0192028,0.210925,0.482341,0.199937,0.0334926
5,0.0208376,0.288254,0.483077,0.240926,0.079852
5.01,0.0514988,0.333998,0.498886,0.295812,0.118255
5.02,0.0694701,0.342624,0.517204,0.342601,0.140927
5.03,0.0777604,0.345056,0.523057,0.379542,0.163685
5.04,0.0695643,0.350571,0.527645,0.3955,0.168972
5.05,0.0474599,0.329022,0.517909,0.38125,0.161109
5.06,0.0341135,0.29114,0.487785,0.344134,0.142518
5.07,0.0272227,0.258247,0.42957,0.281302,0.111876
5.08,0.0557276,0.200797,0.341278,0.207564,0.0662674
5.09,0.0685886,0.146248,0.253593,0.131749,0.0104081
5.1,0.0905051,0.0885271,0.15147,0.0486802,-0.0528586
5.11,0.0822231,0.0400499,0.0662816,-0.0259558,-0.118191
5.12,0.0645058,-0.0056659,-0.00298244,-0.0878074,-0.178704
5.13,0.0344881,-0.0392767,-0.0597881,-0.159416,-0.242199
5.14,0.00540146,-0.0655725,-0.122505,-0.224511,-0.302129
5.15,-0.0290045,-0.0872164,-0.158874,-0.275354,-0.365076
5.16,-0.0590085,-0.0901663,-0.164875,-0.333512,-0.420007
5.17,-0.087305,-0.0959774,-0.120696,-0.388281,-0.475832
5.18,-0.110454,-0.107303,-0.0133895,-0.442333,-0.531041
5.19,-0.149098,-0.114366,0.067589,-0.477363,-0.579279
5.2,-0.184953,-0.125489,0.185165,-0.528117,-0.631393
5.21,-0.229392,-0.126726,0.245819,-0.532264,-0.677478
5.22,-0.27244,-0.157578,0.28511,-0.521324,-0.724658
5.23,-0.325531,-0.188673,0.299154,-0.41358,-0.767513
5.24,-0.383595,-0.210457,0.344909,-0.335577,-0.812647
5.25,-0.445812,-0.265408,0.412723,-0.236225,-0.855671
5.26,-0.511864,-0.285808,0.450513,-0.136623,-0.893631
5.27,-0.568873,-0.329686,0.423695,-0.0986993,-0.832619
5.28,-0.62269,-0.372246,0.339293,-0.0934796,-0.640891
5.29,-0.600638,-0.395561,0.238057,-0.0573299,-0.507994
5.3,-0.591433,-0.399385,0.152025,-0.0307028,-0.351816
5.31,-0.534207,-0.397338,0.284943,0.0147304,-0.320913
5.32,-0.511659,-0.296891,0.771797,0.10359,-0.299481
5.33,-0.434592,-0.203674,0.991532,0.15176,-0.277691
5.34,-0.388652,-0.0892568,1.09998,0.204691,-0.228631
5.35,-0.337738,0.0611675,1.17287,0.258058,-0.190572
5.36,-0.30294,0.156353,1.15096,0.298213,-0.161204
5.37,-0.279641,0.225609,1.07786,0.313227,-0.128094
5.38,-0.257335,0.298182,1.02789,0.330912,-0.118547
5.39,-0.211959,0.347609,0.970706,0.3384,-0.0929116
5.4,-0.19892,0.354947,0.908184,0.360916,-0.0797738
5.41,-0.22984,0.354529,0.867882,0.347628,-0.0866009
5.42,-0.263948,0.345528,0.831935,0.348056,-0.0623035
5.43,-0.288305,0.31626,0.79631,0.334469,-0.0635215
5.44,-0.333965,0.298829,0.743688,0.329275,-0.0776952
5.45,-0.348897,0.240171,0.707935,0.323432,-0.0870887
5.46,-0.396696,0.196537,0.656642,0.328826,-0.100826
5.47,-0.459284,0.138486,0.628719,0.294894,-0.110345
5.48,-0.498383,0.101227,0.590128,0.279306,-0.108587
5.49,-0.548334,0.0322241,0.558952,0.266866,-0.120223
5.5,-0.609161,-0.00183727,0.492754,0.239404,-0.146494
5.51,-0.642711,-0.0272008,0.477765,0.191558,-0.164854
5.52,-0.720455,-0.0402173,0.484817,0.169721,-0.192902
5.53,-0.758095,-0.0511657,0.479151,0.131017,-0.231857
5.54,-0.753652,-0.0306536,0.481883,0.114094,-0.275747
5.55,-0.745944,-0.052826,0.468009,0.0909949,-0.354035
5.56,-0.718599,-0.0494242,0.460511,0.118591,-0.367005
5.57,-0.695622,0.00912439,0.506568,0.15575,-0.386155
5.58,-0.68742,0.0772049,0.540138,0.287756,-0.388282
5.59,-0.628368,0.18112,0.588497,0.386804,-0.368016
5.6,-0.619571,0.246887,0.615446,0.417378,-0.290802
5.61,-0.620146,0.335887,0.670888,0.476416,-0.235234
5.62,-0.618513,0.427899,0.699041,0.519036,-0.159527
5.63,-0.584049,0.460801,0.728584,0.563617,-0.114463
5.64,-0.535854,0.517529,0.734574,0.568732,-0.135623
5.65,-0.490576,0.538763,0.719263,0.537351,-0.136272
5.66,-0.434241,0.526383,0.678835,0.462155,-0.182905
5.67,-0.399151,0.502225,0.638778,0.38966,-0.240877
5.68,-0.381318,0.460027,0.611639,0.333346,-0.281107
5.69,-0.388281,0.377639,0.56439,0.27574,-0.328502
5.7,-0.436605,0.309091,0.476202,0.239398,-0.389208
5.71,-0.464862,0.233311,0.378998,0.197203,-0.426366
5.72,-0.441881,0.146758,0.287652,0.142811,-0.494919
5.73,-0.446914,0.0848373,0.266641,0.104198,-0.560845
5.74,-0.454386,0.0303452,0.261291,0.0845035,-0.617643
5.75,-0.48081,-0.0362004,0.279059,0.0705805,-0.662947
5.76,-0.466083,-0.0698695,0.322426,0.0523548,-0.723692
5.77,-0.473785,-0.0418296,0.377353,0.0421473,-0.735038
5.78,-0.491139,0.070811,0.419615,0.0221047,-0.728098
5.79,-0.490316,0.183773,0.451784,0.00688287,-0.663674
5.8,-0.496023,0.238928,0.487846,-0.0142991,-0.66002
5.81,-0.501042,0.269517,0.482463,-0.0482251,-0.644092
5.82,-0.433209,0.291142,0.406255,-0.0762339,-0.643598
5.83,-0.260209,0.277269,0.258219,-0.123499,-0.63178
5.84,-0.0951034,0.294458,0.13483,-0.173204,-0.633214
5.85,-0.0047094,0.370194,0.239756,-0.205488,-0.612097
5.86,-0.0136975,0.460384,0.495862,-0.221239,-0.595525
5.87,-0.0325766,0.566677,0.650001,-0.164674,-0.561359
5.88,-0.0277078,0.648228,0.745866,-0.0445982,-0.520869
5.89,-0.0268411,0.686972,0.801383,0.103415,-0.490935
5.9,-0.0338235,0.670168,0.792713,0.208738,-0.41449
5.91,-0.0500527,0.589494,0.765983,0.307345,-0.34943
5.92,-0.0850542,0.467163,0.723929,0.365972,-0.297002
5.93,-0.122626,0.341272,0.68632,0.407189,-0.30095
5.94,-0.165902,0.278485,0.621794,0.406314,-0.28787
5.95,-0.213285,0.214659,0.539041,0.376461,-0.297996
5.96,-0.268048,0.128843,0.399882,0.292549,-0.336102
5.97,-0.326422,0.0591942,0.283442,0.193459,-0.396994
5.98,-0.376807,0.0122861,0.183964,0.113791,-0.421716
5.99,-0.441069,-0.0450078,0.105265,0.0386417,-0.490347
6,-0.493386,-0.117924,0.0893758,-0.0369043,-0.546651
6.01,-0.552299,-0.184297,0.0899617,-0.0872567,-0.594075
6.02,-0.586226,-0.226374,0.132414,-0.133506,-0.619809
6.03,-0.58759,-0.272199,0.221116,-0.152234,-0.646086
6.04,-0.540393,-0.237672,0.379089,-0.126988,-0.625306
6.05,-0.480467,-0.165689,0.534883,0.046116,-0.567306
6.06,-0.417567,-0.086872,0.622673,0.256845,-0.433385
6.07,-0.343181,-0.0306046,0.694404,0.435669,-0.259098
6.08,-0.274074,0.00718451,0.728941,0.595899,-0.101596
6.09,-0.222691,0.0300538,0.767219,0.698795,0.00860926
6.1,-0.144119,0.0795756,0.789746,0.722488,0.00411266
6.11,-0.0961972,0.125766,0.782582,0.723715,0.0323556
6.12,-0.0495442,0.163201,0.787896,0.732695,0.0573027
6.13,-0.0141374,0.206546,0.755473,0.705953,0.0689578
6.14,0.0314213,0.2319,0.707472,0.645029,0.0612535
6.15,0.0443935,0.24989,0.639656,0.536359,0.0375268
6.16,0.0639287,0.246567,0.569571,0.442899,0.00229149
6.17,0.061324,0.227679,0.48101,0.366006,-0.0380795
6.18,0.0591994,0.200275,0.418365,0.310734,-0.0774623
6.19,0.0449946,0.174923,0.382465,0.265428,-0.1214
6.2,0.0269066,0.149412,0.353365,0.218132,-0.165129
6.21,0.00273517,0.117987,0.310391,0.189627,-0.208401
6.22,-0.0290264,0.0869495,0.274156,0.170438,-0.247915
6.23,-0.062635,0.0571768,0.235551,0.12274,-0.292137
6.24,-0.09723,0.0256955,0.204768,0.0932663,-0.332667
6.25,-0.137767,0.00133964,0.167299,0.0703568,-0.378639
6.26,-0.178774,-0.0305523,0.129035,0.0193448,-0.419577
6.27,-0.222544,-0.0625194,0.116599,0.00548005,-0.459838
6.28,-0.267868,-0.0904262,0.0631113,-0.0193736,-0.497747
6.29,-0.314803,-0.129176,0.0580009,-0.0526474,-0.532463
6.3,-0.36245,-0.147965,0.0378487,-0.0709033,-0.565328
6.31,-0.397309,-0.179639,-0.0220264,-0.0805816,-0.538098
6.32,-0.4359,-0.21723,0.015555,-0.078111,-0.410876
6.33,-0.47425,-0.232245,0.0562743,-0.0594931,-0.336054
6.34,-0.498171,-0.245409,0.149791,-0.0318188,-0.291405
6.35,-0.506346,-0.198183,0.232526,-0.015215,-0.232636
6.36,-0.494898,-0.066626,0.316513,0.0049781,-0.187064
6.37,-0.447262,0.140109,0.420056,0.0376877,-0.13018
6.38,-0.376581,0.290979,0.545932,0.0780262,-0.0767575
6.39,-0.251971,0.38243,0.660162,0.137194,-0.0297872
6.4,-0.169995,0.352689,0.695187,0.190025,0.00080697
6.41,-0.101805,0.272093,0.69395,0.21538,0.0178927
6.42,-0.0915051,0.218133,0.593591,0.215258,0.0334389
6.43,-0.101543,0.136393,0.434068,0.17799,0.0272826
6.44,-0.12253,0.0532509,0.296202,0.125362,0.00148659
6.45,-0.14995,-0.019161,0.187179,0.0764354,-0.0275002
6.46,-0.167033,-0.0685556,0.10342,0.0349587,-0.0616758
6.47,-0.178933,-0.093223,0.0590968,0.0125644,-0.0993758
6.48,-0.185093,-0.0759624,0.0661079,0.0155802,-0.121283
6.49,-0.191574,-0.00322649,0.284407,0.0486425,-0.149451
6.5,-0.186136,0.0558785,0.503289,0.0871778,-0.162067
6.51,-0.163562,0.135823,0.603985,0.126874,-0.153551
6.52,-0.130856,0.220277,0.697836,0.163871,-0.132953
6.53,-0.0897573,0.235413,0.703159,0.192939,-0.111775
6.54,-0.060879,0.229098,0.613641,0.20894,-0.105643
6.55,-0.0488191,0.247874,0.540968,0.191439,-0.104253
6.56,-0.0345948,0.252429,0.448176,0.160964,-0.110835
6.57,-0.0354723,0.226011,0.389424,0.139634,-0.121813
6.58,-0.0537476,0.207585,0.350162,0.109633,-0.139554
6.59,-0.0807758,0.181844,0.336376,0.0904232,-0.159227
6.6,-0.099698,0.138609,0.33229,0.0742994,-0.176837
6.61,-0.119177,0.112058,0.329546,0.0765185,-0.186815
6.62,-0.136503,0.0742902,0.265553,0.0909224,-0.198551
6.63,-0.154339,0.0386053,0.204746,0.0650943,-0.207559
6.64,-0.176643,0.0103157,0.131717,0.054585,-0.213749
6.65,-0.205931,-0.0262091,0.0942709,0.030386,-0.222966
6.66,-0.232957,-0.0522711,0.0917453,0.0243427,-0.232768
6.67,-0.255725,-0.0591817,0.157097,0.0294714,-0.238748
6.68,-0.281145,-0.0485365,0.259005,0.0419267,-0.234271
6.69,-0.28809,0.00146476,0.375959,0.0730884,-0.204067
6.7,-0.269521,0.0912939,0.493411,0.108996,-0.166702
6.71,-0.239545,0.167919,0.621335,0.14941,-0.115426
6.72,-0.204594,0.277926,0.675652,0.167259,-0.074315
6.73,-0.163162,0.288327,0.668968,0.175096,-0.0511145
6.74,-0.108102,0.262627,0.628001,0.189078,-0.0273908
6.75,-0.053564,0.244524,0.56498,0.197473,-0.0178772
6.76,-0.0429053,0.217831,0.464299,0.195265,-0.00726169
6.77,-0.0372231,0.180534,0.393125,0.181995,-0.00764583
6.78,-0.0492159,0.140779,0.405335,0.175454,-0.0183313
6.79,-0.0821081,0.129898,0.483434,0.168025,-0.0327836
6.8,-0.110566,0.150599,0.573512,0.159773,-0.0503196
6.81,-0.0988365,0.190115,0.650409,0.143875,-0.0706259
6.82,-0.0956982,0.217442,0.601069,0.126678,-0.0895653
6.83,-0.082745,0.214115,0.445514,0.100728,-0.110056
6.84,-0.0594769,0.209877,0.390958,0.0818704,-0.13066
6.85,-0.0603361,0.214947,0.38797,0.0577226,-0.148525
6.86,-0.0588269,0.22235,0.437477,0.0449307,-0.166953
6.87,-0.071938,0.22687,0.489592,0.0541554,-0.178638
6.88,-0.0977038,0.235234,0.582616,0.0660623,-0.192531
6.89,-0.106324,0.25332,0.637844,0.0731965,-0.20734
6.9,-0.112076,0.258525,0.607284,0.0859077,-0.221934
6.91,-0.128294,0.235963,0.485074,0.0588392,-0.231745
6.92,-0.161778,0.202628,0.323696,0.0422365,-0.249376
6.93,-0.216428,0.134023,0.1863,0.000514581,-0.270622
6.94,-0.278455,0.0780013,0.137646,-0.0536913,-0.298624
6.95,-0.355972,0.0199507,0.0489311,-0.0908635,-0.327418
6.96,-0.446812,-0.0362744,0.00780501,-0.125476,-0.360367
6.97,-0.527752,-0.0826996,-0.0067361,-0.165547,-0.396326
6.98,-0.609283,-0.126268,0.000475705,-0.203615,-0.434841
6.99,-0.674382,-0.151618,-0.00508987,-0.211671,-0.467393
7,-0.705876,-0.161221,0.113695,-0.163974,-0.47457
7.01,-0.696083,-0.110758,0.299342,-0.0906182,-0.406092
7.02,-0.65434,-1.64126e-05,0.490386,0.0168338,-0.352639
7.03,-0.528356,0.129069,0.650834,0.106073,-0.274927
7.04,-0.38111,0.229047,0.727475,0.229866,-0.194576
7.05,-0.299893,0.253326,0.835402,0.339217,-0.153006
7.06,-0.246531,0.267154,0.90227,0.354294,-0.0984351
7.07,-0.188376,0.257118,0.90682,0.361949,-0.0748787
7.08,-0.144036,0.226038,0.686764,0.339674,-0.0593644
7.09,-0.118647,0.177642,0.512166,0.280125,-0.0670057
7.1,-0.106829,0.130588,0.411317,0.225951,-0.093462
7.11,-0.108299,0.102468,0.39303,0.182337,-0.128952
7.12,-0.10909,0.107601,0.422,0.152398,-0.164979
7.13,-0.118212,0.125223,0.514,0.177428,-0.183518
7.14,-0.119277,0.159175,0.622794,0.225788,-0.19093
7.15,-0.122672,0.207029,0.727521,0.273148,-0.190134
7.16,-0.118383,0.255729,0.820615,0.270802,-0.183531
7.17,-0.116508,0.281414,0.830844,0.211702,-0.175314
7.18,-0.109271,0.274078,0.681961,0.156802,-0.167227
7.19,-0.109278,0.215275,0.481391,0.0961864,-0.163868
7.2,-0.127161,0.143482,0.328715,0.0542691,-0.171215
7.21,-0.161415,0.0770015,0.191929,0.0151261,-0.179411
7.22,-0.214412,0.0254608,0.167793,-0.0134132,-0.197969
7.23,-0.270453,-0.0239943,0.126769,-0.0301129,-0.213928
7.24,-0.323284,-0.05973,0.135562,-0.0387373,-0.229625
7.25,-0.375921,-0.0764122,0.150092,-0.0455845,-0.244229
7.26,-0.42387,-0.0721031,0.208331,-0.0487862,-0.272567
7.27,-0.463262,-0.0372458,0.273625,-0.0392041,-0.287069
7.28,-0.463723,0.0301181,0.320394,-0.0197739,-0.277142
7.29,-0.425571,0.156811,0.33416,0.00453847,-0.252086
7.3,-0.34982,0.276974,0.362574,0.050936,-0.214998
7.31,-0.265776,0.329775,0.369213,0.0955136,-0.172816
7.32,-0.164759,0.361086,0.396227,0.136583,-0.12785
7.33,-0.104836,0.36919,0.419425,0.149609,-0.0996695
7.34,-0.0448662,0.366936,0.418624,0.140994,-0.0832685
7.35,-0.0183282,0.34218,0.38197,0.103245,-0.0795239
7.36,0.00170355,0.294359,0.31123,0.0369877,-0.100547
7.37,0.00810869,0.233983,0.242692,-0.00385475,-0.127056
7.38,-0.00391667,0.177653,0.174755,-0.0598516,-0.156129
7.39,-0.0213895,0.13679,0.175616,-0.10514,-0.193308
7.4,-0.034469,0.106987,0.21134,-0.136052,-0.234189
7.41,-0.0495712,0.0945052,0.279933,-0.143623,-0.270425
7.42,-0.0625999,0.0911613,0.355106,-0.136129,-0.302852
7.43,-0.080988,0.110123,0.402466,-0.103549,-0.326953
7.44,-0.0919853,0.123843,0.427444,-0.0473222,-0.344299
7.45,-0.101791,0.129969,0.455376,-0.011188,-0.349687
7.46,-0.109834,0.139144,0.451571,0.0182441,-0.348858
7.47,-0.121173,0.134505,0.411191,0.0480087,-0.346417
7.48,-0.135134,0.11172,0.354311,0.038162,-0.348176
7.49,-0.155072,0.0684574,0.277334,0.00425151,-0.35965
7.5,-0.186464,0.0257805,0.198541,-0.0291378,-0.378409
7.51,-0.225188,-0.024897,0.126974,-0.0592206,-0.402089
7.52,-0.272756,-0.0706247,0.0729773,-0.096735,-0.424866
7.53,-0.322503,-0.119682,0.0330974,-0.138908,-0.451665
7.54,-0.371158,-0.159621,0.0126027,-0.150927,-0.469632
7.55,-0.411941,-0.177222,0.0192955,-0.157376,-0.50102
7.56,-0.445955,-0.181729,0.072581,-0.13805,-0.4959
7.57,-0.462731,-0.155509,0.167529,-0.0945782,-0.461641
7.58,-0.466989,-0.0946277,0.279379,-0.0314038,-0.390092
7.59,-0.45118,0.00350362,0.387211,0.0497649,-0.328239
7.6,-0.413627,0.0909913,0.445692,0.131267,-0.260114
7.61,-0.348356,0.107034,0.47343,0.204079,-0.191628
7.62,-0.29828,0.0966077,0.49549,0.254305,-0.148717
7.63,-0.250551,0.107678,0.518262,0.259729,-0.107436
7.64,-0.19257,0.107273,0.483818,0.233,-0.0879486
7.65,-0.138459,0.0961074,0.410196,0.186277,-0.0884501
7.66,-0.127419,0.0752826,0.312287,0.11925,-0.110952
7.67,-0.117209,0.0594776,0.260815,0.0439904,-0.146529
7.68,-0.111636,0.0515259,0.256142,-0.0100555,-0.188775
7.69,-0.121102,0.0425149,0.29459,-0.044884,-0.228423
7.7,-0.141684,0.0425986,0.348525,-0.0388208,-0.262985
7.71,-0.148079,0.0343678,0.402061,0.0173426,-0.282018
7.72,-0.164,0.0266821,0.435277,0.125497,-0.274163
7.73,-0.174694,0.0195781,0.448229,0.213497,-0.235895
7.74,-0.189572,0.0153685,0.460572,0.291694,-0.173295
7.75,-0.194484,-0.000930498,0.446704,0.339713,-0.09836
7.76,-0.20146,-0.0178505,0.395586,0.329475,-0.0447392
7.77,-0.214658,-0.0345552,0.3128,0.288065,-0.0398406
7.78,-0.238415,-0.0675036,0.241374,0.207756,-0.061644
7.79,-0.274221,-0.0976837,0.192111,0.140501,-0.0900368
7.8,-0.301447,-0.136549,0.157282,0.10274,-0.1061
7.81,-0.341387,-0.17942,0.136661,0.0930806,-0.118265
7.82,-0.383057,-0.216054,0.124356,0.102695,-0.127321
7.83,-0.42281,-0.24568,0.118891,0.1452,-0.134446
7.84,-0.456006,-0.264505,0.142983,0.193428,-0.130387
7.85,-0.474479,-0.267429,0.195331,0.262277,-0.123917
7.86,-0.494478,-0.250664,0.286168,0.332038,-0.110989
7.87,-0.498605,-0.211915,0.382084,0.394727,-0.0866365
7.88,-0.482229,-0.152207,0.421919,0.437071,-0.0652405
7.89,-0.44477,-0.085821,0.454831,0.447501,-0.0585185
7.9,-0.397342,-0.0100781,0.43915,0.400898,-0.0617754
7.91,-0.346369,0.0660112,0.393539,0.272066,-0.0770187
7.92,-0.295542,0.133636,0.347784,0.15379,-0.105163
7.93,-0.246952,0.168844,0.290206,0.139233,-0.13381
7.94,-0.201938,0.179247,0.248022,0.143351,-0.165861
7.95,-0.161027,0.167225,0.239039,0.231985,-0.192002
7.96,-0.132947,0.159127,0.24211,0.344234,-0.1994
7.97,-0.123676,0.158822,0.273539,0.405753,-0.174777
7.98,-0.115435,0.173849,0.311339,0.464281,-0.0682971
7.99,-0.10265,0.197345,0.340913,0.527001,0.0298781
8,-0.0940835,0.22258,0.379889,0.531806,0.0981683
8.01,-0.0812856,0.252092,0.408042,0.518237,0.115058
8.02,-0.0734602,0.271826,0.42152,0.469179,0.100246
8.03,-0.0656262,0.294093,0.408452,0.396813,0.0505454
8.04,-0.0624808,0.274849,0.378412,0.311282,-0.0147364
8.05,-0.0699059,0.266981,0.310398,0.169907,-0.0596809
8.06,-0.0885813,0.211406,0.233583,0.0784333,-0.107393
8.07,-0.116546,0.146683,0.146662,0.00446483,-0.15304
8.08,-0.166014,0.0820639,0.0640119,-0.0678359,-0.199091
8.09,-0.223299,0.00852716,0.000645512,-0.117135,-0.240484
8.1,-0.285556,-0.0870009,-0.0635037,-0.17601,-0.275867
8.11,-0.347806,-0.159761,-0.123318,-0.247245,-0.310178
8.12,-0.416632,-0.222205,-0.168113,-0.288032,-0.334463
8.13,-0.481869,-0.28603,-0.216653,-0.329254,-0.361706
8.14,-0.547587,-0.35195,-0.26306,-0.371458,-0.37599
8.15,-0.610473,-0.398809,-0.307788,-0.276171,-0.397595
8.16,-0.671576,-0.454137,-0.350244,-0.156487,-0.4053
8.17,-0.723152,-0.505357,-0.327938,-0.0577549,-0.41992
8.18,-0.721896,-0.549551,-0.198704,-0.0250965,-0.432686
8.19,-0.698766,-0.584131,-0.0333369,0.0304867,-0.453897
8.2,-0.681248,-0.548309,0.13103,0.11678,-0.483035
8.21,-0.629948,-0.427184,0.19476,0.198596,-0.499234
8.22,-0.571254,-0.304893,0.275932,0.234599,-0.509917
8.23,-0.48196,-0.193418,0.305275,0.205108,-0.540057
8.24,-0.417607,-0.137676,0.312357,0.143196,-0.55004
8.25,-0.354184,-0.0753715,0.290517,0.00456353,-0.555752
8.26,-0.323567,-0.0751518,0.257028,-0.182628,-0.55136
8.27,-0.327241,-0.0683488,0.22237,-0.301746,-0.546703
8.28,-0.309108,-0.0560229,0.296898,-0.3349,-0.5333
8.29,-0.31088,-0.0303632,0.48594,-0.263386,-0.471371
8.3,-0.308681,0.027975,0.695591,-0.14872,-0.422737
8.31,-0.296422,0.0691069,0.815095,-0.0450125,-0.367655
8.32,-0.282163,0.105025,0.85084,0.0149976,-0.329475
8.33,-0.266249,0.143493,0.826358,0.0220208,-0.271399
8.34,-0.238758,0.183121,0.822746,0.0408323,-0.208403
8.35,-0.231602,0.220385,0.814793,0.0875786,-0.161205
8.36,-0.222874,0.250645,0.826127,0.141006,-0.115822
8.37,-0.202481,0.275467,0.824645,0.186016,-0.0934448
8.38,-0.192127,0.27933,0.821338,0.216685,-0.0571176
8.39,-0.177914,0.291447,0.79346,0.238329,-0.0376216
8.4,-0.182578,0.276796,0.766863,0.264216,-0.0441176
8.41,-0.171369,0.273567,0.7385,0.282451,-0.0613199
8.42,-0.162246,0.260825,0.711788,0.29253,-0.0587049
8.43,-0.151593,0.264857,0.657346,0.282599,-0.0711036
8.44,-0.14332,0.253781,0.578049,0.276235,-0.103534
8.45,-0.156287,0.238447,0.531843,0.249768,-0.114606
8.46,-0.177735,0.22475,0.432547,0.220822,-0.14704
8.47,-0.216684,0.199295,0.343775,0.180292,-0.197887
8.48,-0.25611,0.18095,0.283253,0.141805,-0.248592
8.49,-0.309245,0.137014,0.229598,0.0920778,-0.297905
8.5,-0.366115,0.079965,0.173839,0.0468759,-0.349348
8.51,-0.428532,0.0165295,0.136491,-0.00458332,-0.40881
8.52,-0.509492,-0.0386318,0.118977,-0.0393458,-0.463332
8.53,-0.59152,-0.0929267,0.0812851,-0.0708031,-0.533064
8.54,-0.672761,-0.142501,0.062535,-0.086834,-0.601926
8.55,-0.75402,-0.179199,0.051059,-0.0993102,-0.66587
8.56,-0.815581,-0.199693,0.0626708,-0.0944191,-0.69775
8.57,-0.877407,-0.171455,0.103173,-0.0309791,-0.710758
8.58,-0.862898,-0.0927628,0.176079,0.0599811,-0.675861
8.59,-0.787274,0.0418053,0.28534,0.172781,-0.440528
8.6,-0.720693,0.190215,0.403578,0.262434,-0.285399
8.61,-0.679629,0.28724,0.488876,0.33557,-0.148358
8.62,-0.615615,0.389346,0.567329,0.409718,-0.0164049
8.63,-0.526396,0.419606,0.627334,0.434055,0.0647919
8.64,-0.392275,0.438856,0.664322,0.435034,0.116088
8.65,-0.302489,0.440065,0.690213,0.399868,0.138011
8.66,-0.239691,0.382881,0.600923,0.346809,0.122426
8.67,-0.178056,0.311007,0.377569,0.260926,0.0827142
8.68,-0.184966,0.220433,0.233889,0.175309,0.0431097
8.69,-0.190871,0.143482,0.153196,0.113707,0.0164803
8.7,-0.21484,0.0961019,0.096609,0.0800088,-0.00102173
8.71,-0.212743,0.0771827,0.499886,0.114981,-0.00966108
8.72,-0.22719,0.0925811,0.608845,0.202665,-0.0117858
8.73,-0.223212,0.111911,0.616999,0.280538,-0.0134225
8.74,-0.220946,0.14014,0.65965,0.329945,-0.0160129
8.75,-0.215666,0.166197,0.671044,0.368645,-0.0260926
8.76,-0.223488,0.173974,0.637179,0.373292,-0.0384345
8.77,-0.236404,0.188831,0.545604,0.328761,-0.0636331
8.78,-0.246544,0.151691,0.446836,0.236333,-0.0948816
8.79,-0.283564,0.0974401,0.330171,0.145598,-0.138438
8.8,-0.32335,0.01926,0.227476,0.0791443,-0.19211
8.81,-0.380552,-0.0452848,0.152643,0.0129143,-0.242679
8.82,-0.431857,-0.106353,0.0886818,-0.0390409,-0.28685
8.83,-0.492448,-0.166211,0.0378438,-0.0745886,-0.335805
8.84,-0.555727,-0.217907,-0.0171827,-0.100546,-0.377594
8.85,-0.606046,-0.263012,-0.0500569,-0.145651,-0.413004
8.86,-0.614468,-0.293908,-0.0603051,-0.163388,-0.4445
8.87,-0.566522,-0.293535,-0.000592435,-0.169282,-0.461661
8.88,-0.542791,-0.199874,0.115316,-0.0778272,-0.458939
8.89,-0.460847,-0.0715845,0.301188,0.026786,-0.441502
8.9,-0.389771,0.0816746,0.420939,0.177753,-0.361034
8.91,-0.325226,0.215576,0.523001,0.254675,-0.233752
8.92,-0.300206,0.3037,0.627629,0.325246,-0.138855
8.93,-0.272896,0.325629,0.7209,0.408545,-0.0690886
8.94,-0.264238,0.230673,0.76422,0.451011,-0.0142674
8.95,-0.237425,0.176551,0.733162,0.446279,0.0154073
8.96,-0.199799,0.163592,0.689533,0.425462,0.0218691
8.97,-0.182024,0.143521,0.63606,0.354205,0.0151225
8.98,-0.177834,0.103394,0.553866,0.277134,-0.00217271
8.99,-0.186954,0.047097,0.44822,0.200857,-0.0112221
9,-0.2081,-0.010132,0.358258,0.135676,-0.0248512
9.01,-0.235726,-0.0711427,0.311316,0.0902572,-0.0377066
9.02,-0.262477,-0.120048,0.254957,0.0819242,-0.047825
9.03,-0.287532,-0.146606,0.259837,0.105954,-0.0546799
9.04,-0.312654,-0.152055,0.373828,0.132235,-0.0578272
9.05,-0.329091,-0.145052,0.446413,0.1649,-0.0524034
9.06,-0.330914,-0.0973194,0.553176,0.184178,-0.0522902
9.07,-0.331152,-0.00247079,0.581134,0.19612,-0.0557791
9.08,-0.312495,0.131536,0.606219,0.194008,-0.0559897
9.09,-0.295171,0.258155,0.607429,0.190679,-0.0634186
9.1,-0.270562,0.404957,0.593332,0.179074,-0.0724859
9.11,-0.257604,0.506806,0.524975,0.156672,-0.0776746
9.12,-0.232318,0.552178,0.405059,0.124868,-0.095214
9.13,-0.250105,0.435818,0.319697,0.0969581,-0.116975
9.14,-0.263852,0.356838,0.229059,0.0502969,-0.135679
9.15,-0.305664,0.285645,0.165156,0.00703789,-0.156462
9.16,-0.343801,0.228438,0.106979,-0.0406812,-0.177296
9.17,-0.392448,0.189901,0.0589479,-0.0724323,-0.195133
9.18,-0.437068,0.135281,0.0393867,-0.0823258,-0.218911
9.19,-0.474967,0.100672,0.0393232,-0.0667339,-0.250223
9.2,-0.504817,0.0773553,0.0567184,-0.0453789,-0.280156
9.21,-0.528223,0.0749134,0.0964493,0.0228612,-0.304013
9.22,-0.551541,0.0768744,0.141966,0.11444,-0.319043
9.23,-0.566447,0.105408,0.201744,0.169554,-0.315314
9.24,-0.550122,0.162796,0.277442,0.248222,-0.323055
9.25,-0.499992,0.22035,0.355193,0.256212,-0.308352
9.26,-0.418896,0.290996,0.433079,0.228442,-0.281611
9.27,-0.339041,0.34111,0.481701,0.198436,-0.263012
9.28,-0.26685,0.39346,0.494013,0.11768,-0.25097
9.29,-0.231787,0.421448,0.453265,0.0354698,-0.266893
9.3,-0.190829,0.427086,0.359021,-0.0427788,-0.294283
9.31,-0.199721,0.39473,0.277342,-0.0990491,-0.313186
9.32,-0.238112,0.350021,0.232597,-0.157624,-0.328567
9.33,-0.283555,0.30174,0.25522,-0.185078,-0.33442
9.34,-0.330182,0.273118,0.343282,-0.195891,-0.342646
9.35,-0.391224,0.254608,0.475784,-0.112042,-0.333337
9.36,-0.426241,0.248456,0.624817,-0.0619159,-0.328187
9.37,-0.475604,0.222135,0.749772,-0.0202159,-0.297553
9.38,-0.516298,0.158357,0.744009,-0.0219903,-0.272532
9.39,-0.54255,0.0891225,0.492317,-0.0314699,-0.252817
9.4,-0.572612,0.0232006,0.358355,-0.012827,-0.228938
9.41,-0.552424,0.0116582,0.401365,0.0140398,-0.199345
9.42,-0.513722,0.0695918,0.503668,0.0576439,-0.15685
9.43,-0.470403,0.213898,0.550157,0.119542,-0.113033
9.44,-0.438767,0.342392,0.593079,0.177815,-0.0806743
9.45,-0.390356,0.449523,0.629176,0.226509,-0.0486783
9.46,-0.334716,0.487536,0.643316,0.267774,-0.0249713
9.47,-0.29136,0.491662,0.630132,0.287061,0.00575095
9.48,-0.24124,0.436488,0.548177,0.284634,0.0282859
9.49,-0.193036,0.38204,0.457234,0.249192,0.0295481
9.5,-0.168706,0.324102,0.395696,0.203587,0.0145008
9.51,-0.153035,0.294345,0.319098,0.156198,-0.015491
9.52,-0.146473,0.278265,0.299967,0.109382,-0.0555277
9.53,-0.154681,0.270116,0.30498,0.0746875,-0.0996237
9.54,-0.17039,0.249195,0.323778,0.0412993,-0.145006
9.55,-0.186088,0.228675,0.34211,0.0548152,-0.189229
9.56,-0.212496,0.201705,0.361225,0.0892424,-0.22614
9.57,-0.24417,0.171725,0.358948,0.125562,-0.250882
9.58,-0.280263,0.122494,0.358683,0.146739,-0.272104
9.59,-0.313491,0.0560353,0.335594,0.138582,-0.270856
9.6,-0.347937,-0.0197452,0.290865,0.102893,-0.233292
9.61,-0.382667,-0.0919805,0.237787,0.0756882,-0.206862
9.62,-0.405293,-0.172269,0.122704,0.0309322,-0.176342
9.63,-0.435926,-0.235446,0.0503431,-0.0197021,-0.157831
9.64,-0.458035,-0.300159,-0.0598168,-0.0643658,-0.125392
9.65,-0.482166,-0.364127,-0.14515,-0.107232,-0.134876
9.66,-0.498342,-0.403291,-0.211136,-0.126501,-0.140494
9.67,-0.524775,-0.431239,-0.305671,-0.128984,-0.155248
9.68,-0.547023,-0.488243,-0.359736,-0.10667,-0.158643
9.69,-0.543169,-0.519068,0.0241538,-0.0595423,-0.164347
9.7,-0.545957,-0.525226,0.347316,-0.0237102,-0.165313
9.71,-0.567237,-0.441435,0.534235,0.00903217,-0.165072
9.72,-0.577446,-0.209601,0.592717,0.0301083,-0.167495
9.73,-0.571191,-0.0163765,0.668336,0.0426376,-0.169856
9.74,-0.568306,0.148636,0.719272,0.0786803,-0.156355
9.75,-0.53897,0.229604,0.763018,0.122331,-0.133978
9.76,-0.506422,0.170003,0.747486,0.156871,-0.0889652
9.77,-0.476888,0.0917066,0.659972,0.196112,-0.0332667
9.78,-0.431385,0.0436459,0.562818,0.195951,-0.0103242
9.79,-0.392012,0.0217189,0.454799,0.181239,-0.0074063
9.8,-0.369552,-0.0269685,0.276121,0.147371,-0.0114368
9.81,-0.359294,-0.0901213,0.186207,0.106945,-0.0307414
9.82,-0.348355,-0.149622,0.11348,0.0619354,-0.0605287
9.83,-0.344804,-0.193039,0.0858368,0.0303981,-0.099361
9.84,-0.340805,-0.233141,0.0790641,-0.00496668,-0.145317
9.85,-0.344183,-0.26716,0.140393,-0.0355974,-0.185328
9.86,-0.353858,-0.263625,0.197643,-0.063159,-0.223868
9.87,-0.350128,-0.211112,0.270621,-0.0788579,-0.256252
9.88,-0.357308,-0.0353267,0.315492,-0.065068,-0.274988
9.89,-0.349435,0.14147,0.385121,-0.0410772,-0.290928
9.9,-0.331851,0.27948,0.472046,0.00113409,-0.286952
9.91,-0.303512,0.413568,0.5526,0.00874243,-0.301003
9.92,-0.259759,0.491102,0.529549,-0.00539918,-0.280945
9.93,-0.22582,0.478057,0.500906,0.0191239,-0.273808
9.94,-0.208242,0.418217,0.48164,0.0236943,-0.236133
9.95,-0.182873,0.281404,0.404188,0.0334902,-0.200651
9.96,-0.193179,0.190901,0.325558,0.0309771,-0.167437
9.97,-0.222833,0.10941,0.24552,0.0195409,-0.164533
9.98,-0.261638,0.0641463,0.193141,0.00231711,-0.181667
9.99,-0.304194,0.0299292,0.147277,-0.0217227,-0.204474
10,-0.341399,0.00976983,0.127921,-0.0387754,-0.217864
